ID,Degree of urbanization,Geographic region,Historically Black College or University?,Religious affiliation,Tribal college?
C0001,City: Midsize,Southeast,Yes,N/A,No
C0002,City: Midsize,Southeast,No,N/A,No
C0003,City: Midsize,Southeast,No,Churches of Christ,No
C0004,City: Midsize,Southeast,No,N/A,No
C0005,City: Midsize,Southeast,Yes,N/A,No
C0006,City: Small,Southeast,No,N/A,No
C0007,Town: Fringe,Southeast,No,N/A,No
C0008,City: Midsize,Southeast,No,N/A,No
C0009,City: Small,Southeast,No,N/A,No
C0010,City: Midsize,Southeast,No,United Methodist,No
C0011,Town: Distant,Southeast,Yes,Lutheran Church - Missouri Synod,No
C0012,City: Midsize,Southeast,No,Churches of Christ,No
C0013,City: Midsize,Southeast,No,United Methodist,No
C0014,City: Small,Southeast,No,N/A,No
C0015,Rural: Remote,Southeast,No,Baptist,No
C0016,Rural: Remote,Southeast,No,N/A,No
C0017,Suburb: Large,Southeast,Yes,Christian Methodist Episcopal,No
C0018,Rural: Fringe,Southeast,No,Southern Baptist,No
C0019,Suburb: Large,Southeast,No,N/A,No
C0020,City: Small,Southeast,No,N/A,No
C0021,City: Midsize,Southeast,Yes,Seventh Day Adventists,No
C0022,Suburb: Large,Southeast,No,Baptist,No
C0023,City: Midsize,Southeast,No,N/A,No
C0024,City: Midsize,Southeast,No,Roman Catholic,No
C0025,City: Small,Southeast,Yes,Presbyterian Church (USA),No
C0026,Town: Distant,Southeast,Yes,United Church of Christ,No
C0027,Rural: Fringe,Southeast,No,N/A,No
C0028,Town: Distant,Southeast,Yes,N/A,No
C0029,City: Large,Far West,No,N/A,No
C0030,Suburb: Small,Far West,No,N/A,No
C0031,Town: Remote,Far West,No,N/A,No
C0032,City: Large,Far West,No,United Methodist,No
C0033,City: Large,Southwest,No,Assemblies of God Church,No
C0034,City: Midsize,Southwest,No,N/A,No
C0035,City: Large,Southwest,No,N/A,No
C0036,Rural: Fringe,Southwest,No,N/A,No
C0037,City: Small,Southwest,No,N/A,No
C0038,City: Large,Southwest,No,American Baptist,No
C0039,City: Small,Southwest,No,N/A,No
C0040,City: Large,Southwest,No,Undenominational,No
C0041,City: Midsize,Southeast,No,N/A,No
C0042,City: Midsize,Southeast,Yes,Baptist,No
C0043,Town: Remote,Southeast,No,Presbyterian Church (USA),No
C0044,City: Small,Southeast,No,N/A,No
C0045,City: Small,Southeast,Yes,N/A,No
C0046,City: Small,Southeast,No,N/A,No
C0047,Town: Remote,Southeast,No,N/A,No
C0048,Town: Remote,Southeast,No,N/A,No
C0049,City: Small,Southeast,No,N/A,No
C0050,City: Small,Southeast,No,Baptist,No
C0051,Town: Distant,Southeast,No,Churches of Christ,No
C0052,Town: Distant,Southeast,No,N/A,No
C0053,City: Small,Southeast,No,United Methodist,No
C0054,Town: Distant,Southeast,No,N/A,No
C0055,Town: Distant,Southeast,No,Southern Baptist,No
C0056,Town: Remote,Southeast,No,Presbyterian Church (USA),No
C0057,City: Midsize,Southeast,Yes,United Methodist,No
C0058,Rural: Distant,Southeast,No,Southern Baptist,No
C0059,Town: Remote,Southeast,No,N/A,No
C0060,City: Small,Southeast,No,N/A,No
C0061,Suburb: Large,Far West,No,Undenominational,No
C0062,Suburb: Large,Far West,No,Undenominational,No
C0063,City: Large,Far West,No,N/A,No
C0064,City: Large,Far West,No,Southern Baptist,No
C0065,City: Midsize,Far West,No,N/A,No
C0066,City: Midsize,Far West,No,Evangelical Lutheran Church,No
C0067,Suburb: Small,Far West,No,N/A,No
C0068,City: Large,Far West,No,N/A,No
C0069,City: Large,Far West,No,N/A,No
C0070,Suburb: Small,Far West,No,N/A,No
C0071,City: Midsize,Far West,No,N/A,No
C0072,Suburb: Large,Far West,No,N/A,No
C0073,City: Small,Far West,No,N/A,No
C0074,City: Small,Far West,No,N/A,No
C0075,City: Large,Far West,No,N/A,No
C0076,Suburb: Large,Far West,No,N/A,No
C0077,City: Midsize,Far West,No,N/A,No
C0078,City: Large,Far West,No,N/A,No
C0079,City: Large,Far West,No,N/A,No
C0080,City: Large,Far West,No,N/A,No
C0081,City: Large,Far West,No,N/A,No
C0082,City: Midsize,Far West,No,N/A,No
C0083,Suburb: Small,Far West,No,N/A,No
C0084,City: Midsize,Far West,No,N/A,No
C0085,City: Large,Far West,No,N/A,No
C0086,City: Large,Far West,No,N/A,No
C0087,City: Large,Far West,No,N/A,No
C0088,Suburb: Midsize,Far West,No,N/A,No
C0089,City: Small,Far West,No,N/A,No
C0090,City: Midsize,Far West,No,N/A,No
C0091,City: Midsize,Far West,No,Christian Church (Disciples of Christ),No
C0092,City: Midsize,Far West,No,Lutheran Church - Missouri Synod,No
C0093,Suburb: Large,Far West,No,Undenominational,No
C0094,Suburb: Large,Far West,No,N/A,No
C0095,Suburb: Large,Far West,No,N/A,No
C0096,City: Large,Far West,No,N/A,No
C0097,City: Small,Far West,No,N/A,No
C0098,City: Small,Far West,No,N/A,No
C0099,City: Large,Far West,No,Mennonite Brethren Church,No
C0100,City: Large,Far West,No,N/A,No
C0101,Suburb: Large,Far West,No,N/A,No
C0102,City: Large,Far West,No,Roman Catholic,No
C0103,Town: Remote,Far West,No,N/A,No
C0104,City: Large,Far West,No,N/A,No
C0105,Suburb: Large,Far West,No,N/A,No
C0106,City: Large,Far West,No,Jewish,No
C0107,Suburb: Large,Far West,No,N/A,No
C0108,City: Large,Far West,No,N/A,No
C0109,City: Large,Far West,No,Seventh Day Adventists,No
C0110,Suburb: Large,Far West,No,Interdenominational,No
C0111,City: Large,Far West,No,Roman Catholic,No
C0112,Suburb: Large,Far West,No,N/A,No
C0113,City: Large,Far West,No,N/A,No
C0114,Suburb: Midsize,Far West,No,N/A,No
C0115,City: Large,Far West,No,Roman Catholic,No
C0116,City: Large,Far West,No,N/A,No
C0117,Suburb: Large,Far West,No,Roman Catholic,No
C0118,City: Large,Far West,No,N/A,No
C0119,Suburb: Large,Far West,No,Christian Churches and Churches of Christ,No
C0120,Rural: Fringe,Far West,No,Seventh Day Adventists,No
C0121,City: Large,Far West,No,N/A,No
C0122,Suburb: Large,Far West,No,Churches of Christ,No
C0123,Suburb: Large,Far West,No,N/A,No
C0124,City: Large,Far West,No,Church of the Nazarene,No
C0125,Suburb: Large,Far West,No,N/A,No
C0126,City: Small,Far West,No,N/A,No
C0127,City: Large,Far West,No,N/A,No
C0128,City: Large,Far West,No,Roman Catholic,No
C0129,City: Large,Far West,No,N/A,No
C0130,City: Large,Far West,No,Roman Catholic,No
C0131,City: Large,Far West,No,N/A,No
C0132,City: Midsize,Far West,No,Roman Catholic,No
C0133,Suburb: Large,Far West,No,N/A,No
C0134,City: Small,Far West,No,Christ and Missionary Alliance Church,No
C0135,Rural: Fringe,Far West,No,Roman Catholic,No
C0136,Suburb: Large,Far West,No,N/A,No
C0137,City: Midsize,Far West,No,Assemblies of God Church,No
C0138,City: Large,Far West,No,N/A,No
C0139,Rural: Distant,Far West,No,Roman Catholic,No
C0140,Suburb: Midsize,Far West,No,N/A,No
C0141,Suburb: Large,Far West,No,N/A,No
C0142,City: Large,Far West,No,N/A,No
C0143,Town: Remote,Rocky Mountains,No,N/A,No
C0144,City: Large,Rocky Mountains,No,N/A,No
C0145,City: Large,Rocky Mountains,No,N/A,No
C0146,City: Small,Rocky Mountains,No,N/A,No
C0147,City: Midsize,Rocky Mountains,No,Undenominational,No
C0148,City: Large,Rocky Mountains,No,N/A,No
C0149,Suburb: Large,Rocky Mountains,No,N/A,No
C0150,City: Midsize,Rocky Mountains,No,N/A,No
C0151,City: Large,Rocky Mountains,No,N/A,No
C0152,City: Large,Rocky Mountains,No,N/A,No
C0153,Town: Remote,Rocky Mountains,No,N/A,No
C0154,City: Small,Rocky Mountains,No,N/A,No
C0155,City: Large,Rocky Mountains,No,N/A,No
C0156,City: Small,Rocky Mountains,No,N/A,No
C0157,City: Small,Rocky Mountains,No,N/A,No
C0158,City: Large,Rocky Mountains,No,Roman Catholic,No
C0159,City: Midsize,Rocky Mountains,No,N/A,No
C0160,Town: Remote,Rocky Mountains,No,N/A,No
C0161,City: Midsize,New England,No,Roman Catholic,No
C0162,City: Midsize,New England,No,N/A,No
C0163,Suburb: Large,New England,No,N/A,No
C0164,Suburb: Large,New England,No,N/A,No
C0165,City: Small,New England,No,N/A,No
C0166,Suburb: Large,New England,No,N/A,No
C0167,Town: Fringe,New England,No,N/A,No
C0168,Suburb: Large,New England,No,Roman Catholic,No
C0169,City: Midsize,New England,No,N/A,No
C0170,City: Midsize,New England,No,N/A,No
C0171,City: Small,New England,No,N/A,No
C0172,Suburb: Large,New England,No,N/A,No
C0173,Suburb: Large,New England,No,N/A,No
C0174,Suburb: Large,New England,No,Roman Catholic,No
C0175,City: Small,New England,No,Roman Catholic,No
C0176,City: Midsize,New England,No,N/A,No
C0177,City: Midsize,New England,No,N/A,No
C0178,City: Small,New England,No,N/A,No
C0179,City: Small,New England,No,N/A,No
C0180,City: Midsize,New England,No,N/A,No
C0181,City: Small,Mid East,Yes,N/A,No
C0182,Suburb: Large,Mid East,No,N/A,No
C0183,City: Small,Mid East,No,United Methodist,No
C0184,Suburb: Large,Mid East,No,N/A,No
C0185,City: Large,Mid East,No,United Methodist,No
C0186,City: Large,Mid East,No,Roman Catholic,No
C0187,City: Large,Mid East,Yes,N/A,No
C0188,City: Large,Mid East,No,N/A,No
C0189,City: Large,Mid East,No,N/A,No
C0190,City: Large,Mid East,No,Roman Catholic,No
C0191,City: Large,Mid East,Yes,N/A,No
C0192,City: Large,Mid East,No,Roman Catholic,No
C0193,Suburb: Large,Southeast,No,Roman Catholic,No
C0194,City: Small,Southeast,Yes,United Methodist,No
C0195,City: Small,Southeast,No,N/A,No
C0196,Suburb: Large,Southeast,No,N/A,No
C0197,Suburb: Large,Southeast,No,N/A,No
C0198,City: Midsize,Southeast,No,Undenominational,No
C0199,City: Midsize,Southeast,No,Presbyterian Church (USA),No
C0200,City: Large,Southeast,Yes,African Methodist Episcopal,No
C0201,City: Small,Southeast,No,N/A,No
C0202,City: Midsize,Southeast,Yes,N/A,No
C0203,City: Small,Southeast,No,N/A,No
C0204,Suburb: Small,Southeast,No,N/A,No
C0205,Suburb: Large,Southeast,No,N/A,No
C0206,City: Small,Southeast,No,N/A,No
C0207,Suburb: Large,Southeast,No,N/A,No
C0208,Suburb: Large,Southeast,Yes,Baptist,No
C0209,City: Small,Southeast,No,United Methodist,No
C0210,City: Midsize,Southeast,No,N/A,No
C0211,City: Midsize,Southeast,No,N/A,No
C0212,City: Large,Southeast,No,N/A,No
C0213,City: Large,Southeast,No,N/A,No
C0214,City: Midsize,Southeast,No,N/A,No
C0215,Suburb: Large,Southeast,No,Evangelical Free Church of America,No
C0216,Suburb: Large,Southeast,No,N/A,No
C0217,Suburb: Large,Southeast,No,N/A,No
C0218,City: Large,Southeast,No,N/A,No
C0219,Suburb: Large,Southeast,No,N/A,No
C0220,City: Midsize,Southeast,No,Interdenominational,No
C0221,Suburb: Large,Southeast,No,N/A,No
C0222,Suburb: Small,Southeast,No,Roman Catholic,No
C0223,City: Small,Southeast,No,N/A,No
C0224,City: Large,Southeast,No,N/A,No
C0225,Suburb: Large,Southeast,No,Roman Catholic,No
C0226,Suburb: Midsize,Southeast,No,N/A,No
C0227,City: Small,Southeast,No,Assemblies of God Church,No
C0228,City: Large,Southeast,No,N/A,No
C0229,Rural: Fringe,Southeast,No,Church of God,No
C0230,Town: Fringe,Southeast,No,N/A,No
C0231,City: Small,Southeast,No,N/A,No
C0232,Suburb: Large,Southeast,No,Presbyterian Church (USA),No
C0233,City: Small,Southeast,Yes,N/A,No
C0234,City: Midsize,Southeast,No,N/A,No
C0235,Town: Distant,Southeast,No,Christian Churches and Churches of Christ,No
C0236,City: Large,Southeast,Yes,United Methodist,No
C0237,Suburb: Small,Southeast,No,N/A,No
C0238,City: Small,Southeast,No,N/A,No
C0239,Rural: Distant,Southeast,No,Baptist,No
C0240,Suburb: Large,Southeast,No,N/A,No
C0241,City: Midsize,Southeast,No,N/A,No
C0242,Suburb: Large,Southeast,No,The Presbyterian Church in America,No
C0243,City: Small,Southeast,No,N/A,No
C0244,Town: Distant,Southeast,No,Pentecostal Holiness Church,No
C0245,Suburb: Large,Southeast,No,United Methodist,No
C0246,Town: Fringe,Southeast,Yes,N/A,No
C0247,City: Large,Southeast,No,N/A,No
C0248,Town: Distant,Southeast,No,N/A,No
C0249,Town: Distant,Southeast,No,N/A,No
C0250,Town: Remote,Southeast,No,N/A,No
C0251,City: Large,Southeast,No,N/A,No
C0252,City: Midsize,Southeast,No,N/A,No
C0253,Suburb: Large,Southeast,No,N/A,No
C0254,Town: Distant,Southeast,No,United Methodist,No
C0255,City: Small,Southeast,No,N/A,No
C0256,City: Small,Southeast,No,N/A,No
C0257,City: Large,Southeast,Yes,N/A,No
C0258,Town: Fringe,Southeast,No,,No
C0259,Suburb: Large,Southeast,No,N/A,No
C0260,City: Midsize,Southeast,Yes,United Methodist,No
C0261,Town: Distant,Southeast,No,United Church of Christ,No
C0262,Rural: Fringe,Southeast,No,United Methodist,No
C0263,City: Midsize,Southeast,Yes,N/A,No
C0264,City: Small,Southeast,No,Baptist,No
C0265,City: Large,Southeast,Yes,N/A,No
C0266,City: Small,Southeast,No,N/A,No
C0267,Town: Distant,Southeast,No,N/A,No
C0268,Rural: Fringe,Southeast,No,Christ and Missionary Alliance Church,No
C0269,Rural: Fringe,Southeast,No,Southern Baptist,No
C0270,City: Small,Southeast,No,N/A,No
C0271,City: Small,Southeast,No,United Methodist,No
C0272,Town: Fringe,Southeast,No,N/A,No
C0273,City: Large,Far West,No,Roman Catholic,No
C0274,Town: Remote,Far West,No,N/A,No
C0275,City: Large,Far West,No,N/A,No
C0276,City: Large,Far West,No,N/A,No
C0277,Suburb: Large,Far West,No,N/A,No
C0278,City: Midsize,Rocky Mountains,No,N/A,No
C0279,City: Small,Rocky Mountains,No,N/A,No
C0280,Rural: Fringe,Rocky Mountains,No,N/A,No
C0281,Suburb: Midsize,Rocky Mountains,No,N/A,No
C0282,City: Small,Rocky Mountains,No,N/A,No
C0283,Suburb: Midsize,Rocky Mountains,No,Church of the Nazarene,No
C0284,Town: Distant,Rocky Mountains,No,Latter Day Saints (Mormon Church),No
C0285,City: Small,Great Lakes,No,Evangelical Lutheran Church,No
C0286,Suburb: Large,Great Lakes,No,N/A,No
C0287,Town: Distant,Great Lakes,No,Presbyterian Church (USA),No
C0288,City: Midsize,Great Lakes,No,N/A,No
C0289,City: Large,Great Lakes,No,N/A,No
C0290,City: Large,Great Lakes,No,N/A,No
C0291,City: Large,Great Lakes,No,N/A,No
C0292,Suburb: Large,Great Lakes,No,Lutheran Church - Missouri Synod,No
C0293,City: Large,Great Lakes,No,Roman Catholic,No
C0294,City: Large,Great Lakes,No,N/A,No
C0295,Town: Remote,Great Lakes,No,N/A,No
C0296,Suburb: Large,Great Lakes,No,United Church of Christ,No
C0297,Town: Fringe,Great Lakes,No,Christian Church (Disciples of Christ),No
C0298,Rural: Fringe,Great Lakes,No,N/A,No
C0299,Town: Distant,Great Lakes,No,Free Methodist,No
C0300,City: Large,Great Lakes,No,N/A,No
C0301,Suburb: Large,Great Lakes,No,Roman Catholic,No
C0302,City: Small,Great Lakes,No,N/A,No
C0303,City: Small,Great Lakes,No,N/A,No
C0304,Town: Distant,Great Lakes,No,Presbyterian Church (USA),No
C0305,City: Large,Great Lakes,No,N/A,No
C0306,Suburb: Midsize,Great Lakes,No,N/A,No
C0307,City: Midsize,Great Lakes,No,Baptist,No
C0308,Town: Remote,Great Lakes,No,N/A,No
C0309,Suburb: Large,Great Lakes,No,N/A,No
C0310,Suburb: Large,Great Lakes,No,Roman Catholic,No
C0311,Town: Distant,Great Lakes,No,N/A,No
C0312,City: Large,Great Lakes,No,Roman Catholic,No
C0313,Town: Distant,Great Lakes,No,United Methodist,No
C0314,Suburb: Large,Great Lakes,No,United Methodist,No
C0315,City: Small,Great Lakes,No,Presbyterian Church (USA),No
C0316,Town: Remote,Great Lakes,No,Presbyterian Church (USA),No
C0317,City: Large,Great Lakes,No,N/A,No
C0318,City: Midsize,Great Lakes,No,United Methodist,No
C0319,City: Large,Great Lakes,No,Evangelical Covenant Church of America,No
C0320,Suburb: Small,Great Lakes,No,N/A,No
C0321,City: Small,Great Lakes,No,N/A,No
C0322,City: Large,Great Lakes,No,N/A,No
C0323,Suburb: Small,Great Lakes,No,Church of the Nazarene,No
C0324,Town: Remote,Great Lakes,No,Roman Catholic,No
C0325,City: Large,Great Lakes,No,N/A,No
C0326,City: Midsize,Great Lakes,No,N/A,No
C0327,City: Large,Great Lakes,No,N/A,No
C0328,Suburb: Large,Great Lakes,No,Roman Catholic,No
C0329,Suburb: Large,Great Lakes,No,Roman Catholic,No
C0330,City: Large,Great Lakes,No,Roman Catholic,No
C0331,City: Midsize,Great Lakes,No,N/A,No
C0332,City: Large,Great Lakes,No,N/A,No
C0333,City: Small,Great Lakes,No,N/A,No
C0334,Suburb: Large,Great Lakes,No,N/A,No
C0335,Suburb: Large,Great Lakes,No,Interdenominational,No
C0336,Suburb: Large,Great Lakes,No,Evangelical Free Church of America,No
C0337,Town: Remote,Great Lakes,No,N/A,No
C0338,Suburb: Large,Great Lakes,No,Undenominational,No
C0339,City: Small,Great Lakes,No,Church of God,No
C0340,City: Small,Great Lakes,No,N/A,No
C0341,City: Small,Great Lakes,No,Missionary Church Inc,No
C0342,City: Large,Great Lakes,No,N/A,No
C0343,Suburb: Large,Great Lakes,No,Roman Catholic,No
C0344,Town: Distant,Great Lakes,No,United Methodist,No
C0345,Town: Distant,Great Lakes,No,Friends,No
C0346,City: Midsize,Great Lakes,No,United Methodist,No
C0347,Suburb: Large,Great Lakes,No,American Baptist,No
C0348,City: Small,Great Lakes,No,Mennonite Church,No
C0349,Town: Distant,Great Lakes,No,Brethren Church,No
C0350,Town: Distant,Great Lakes,No,Presbyterian Church (USA),No
C0351,Suburb: Large,Great Lakes,No,Roman Catholic,No
C0352,Town: Distant,Great Lakes,No,United Brethren Church,No
C0353,City: Large,Great Lakes,No,N/A,No
C0354,City: Large,Great Lakes,No,N/A,No
C0355,City: Large,Great Lakes,No,United Methodist,No
C0356,Suburb: Midsize,Great Lakes,No,N/A,No
C0357,City: Small,Great Lakes,No,N/A,No
C0358,City: Small,Great Lakes,No,N/A,No
C0359,City: Midsize,Great Lakes,No,N/A,No
C0360,City: Small,Great Lakes,No,N/A,No
C0361,City: Small,Great Lakes,No,N/A,No
C0362,Suburb: Large,Great Lakes,No,N/A,No
C0363,Rural: Fringe,Great Lakes,No,N/A,No
C0364,Town: Distant,Great Lakes,No,Church of Brethren,No
C0365,City: Large,Great Lakes,No,Roman Catholic,No
C0366,Town: Distant,Great Lakes,No,Wesleyan,No
C0367,City: Large,Great Lakes,No,N/A,No
C0368,Suburb: Large,Great Lakes,No,Roman Catholic,No
C0369,Town: Distant,Great Lakes,No,Baptist,No
C0370,Suburb: Large,Great Lakes,No,N/A,No
C0371,Rural: Fringe,Great Lakes,No,N/A,No
C0372,City: Large,Great Lakes,No,Roman Catholic,No
C0373,Town: Distant,Great Lakes,No,Roman Catholic,No
C0374,Rural: Fringe,Great Lakes,No,Roman Catholic,No
C0375,Suburb: Large,Great Lakes,No,Roman Catholic,No
C0376,Town: Distant,Great Lakes,No,Interdenominational,No
C0377,Town: Distant,Great Lakes,No,N/A,No
C0378,Suburb: Large,Great Lakes,No,Lutheran Church in America,No
C0379,Town: Distant,Great Lakes,No,N/A,No
C0380,City: Small,Plains,No,Roman Catholic,No
C0381,Town: Remote,Plains,No,Presbyterian Church (USA),No
C0382,Town: Distant,Plains,No,Reformed Church in America,No
C0383,City: Small,Plains,No,Roman Catholic,No
C0384,City: Midsize,Plains,No,Presbyterian Church (USA),No
C0385,Town: Fringe,Plains,No,United Methodist,No
C0386,Town: Remote,Plains,No,Christian Reformed Church,No
C0387,City: Midsize,Plains,No,N/A,No
C0388,City: Small,Plains,No,Presbyterian Church (USA),No
C0389,Rural: Remote,Plains,No,Other (none of the above),No
C0390,City: Midsize,Plains,No,Evangelical Lutheran Church,No
C0391,Town: Remote,Plains,No,N/A,No
C0392,City: Small,Plains,No,N/A,No
C0393,Town: Remote,Plains,No,United Methodist,No
C0394,City: Small,Plains,No,N/A,No
C0395,City: Small,Plains,No,Roman Catholic,No
C0396,Town: Remote,Plains,No,Evangelical Lutheran Church,No
C0397,Town: Remote,Plains,No,N/A,No
C0398,City: Small,Plains,No,United Methodist,No
C0399,City: Midsize,Plains,No,Roman Catholic,No
C0400,City: Small,Plains,No,N/A,No
C0401,Town: Distant,Plains,No,Reformed Church in America,No
C0402,City: Midsize,Plains,No,Roman Catholic,No
C0403,Town: Fringe,Plains,No,United Methodist,No
C0404,Rural: Remote,Plains,No,N/A,No
C0405,Town: Distant,Plains,No,Evangelical Lutheran Church,No
C0406,Town: Remote,Plains,No,Friends,No
C0407,Town: Fringe,Plains,No,United Methodist,No
C0408,Town: Distant,Plains,No,Roman Catholic,No
C0409,Town: Remote,Plains,No,Evangelical Lutheran Church,No
C0410,Town: Distant,Plains,No,Other (none of the above),No
C0411,Town: Remote,Plains,No,Free Methodist,No
C0412,City: Midsize,Plains,No,Roman Catholic,No
C0413,Town: Remote,Plains,No,N/A,No
C0414,Town: Remote,Plains,No,N/A,No
C0415,City: Large,Plains,No,N/A,No
C0416,City: Small,Plains,No,N/A,No
C0417,City: Large,Plains,No,Roman Catholic,No
C0418,City: Small,Plains,No,N/A,No
C0419,Town: Remote,Plains,No,United Methodist,No
C0420,Town: Remote,Plains,No,Church of Brethren,No
C0421,Suburb: Large,Plains,No,Church of the Nazarene,No
C0422,Town: Distant,Plains,No,American Baptist,No
C0423,City: Midsize,Plains,No,American Baptist,No
C0424,Town: Distant,Plains,No,N/A,No
C0425,Town: Fringe,Plains,No,Roman Catholic,No
C0426,Town: Distant,Plains,No,United Methodist,No
C0427,Rural: Distant,Plains,No,N/A,No
C0428,Town: Remote,Plains,No,Mennonite Brethren Church,No
C0429,City: Midsize,Plains,No,N/A,No
C0430,City: Large,Plains,No,N/A,No
C0431,Rural: Remote,Southeast,No,N/A,No
C0432,Town: Fringe,Southeast,No,N/A,No
C0433,City: Large,Southeast,No,Roman Catholic,No
C0434,Town: Distant,Southeast,No,N/A,No
C0435,City: Small,Southeast,No,Roman Catholic,No
C0436,Town: Remote,Southeast,No,Southern Baptist,No
C0437,Town: Distant,Southeast,No,Presbyterian Church (USA),No
C0438,Town: Remote,Southeast,No,Baptist,No
C0439,Town: Distant,Southeast,No,N/A,No
C0440,Town: Fringe,Southeast,No,Baptist,No
C0441,Town: Distant,Southeast,Yes,N/A,No
C0442,City: Small,Southeast,No,United Methodist,No
C0443,City: Large,Southeast,No,N/A,No
C0444,Town: Distant,Southeast,No,Christian Churches and Churches of Christ,No
C0445,Town: Remote,Southeast,No,United Methodist,No
C0446,City: Large,Southeast,No,N/A,No
C0447,Rural: Fringe,Southeast,No,Baptist,No
C0448,Rural: Distant,Southeast,No,Christian Church (Disciples of Christ),No
C0449,Town: Remote,Southeast,No,N/A,No
C0450,Town: Remote,Southeast,No,N/A,No
C0451,Suburb: Large,Southeast,No,N/A,No
C0452,Town: Remote,Southeast,No,Presbyterian Church (USA),No
C0453,Rural: Distant,Southeast,No,Roman Catholic,No
C0454,City: Large,Southeast,No,Roman Catholic,No
C0455,Suburb: Large,Southeast,No,Roman Catholic,No
C0456,City: Large,Southeast,No,Christian Church (Disciples of Christ),No
C0457,Town: Remote,Southeast,No,United Methodist,No
C0458,City: Small,Southeast,No,N/A,No
C0459,City: Midsize,Southeast,No,United Methodist,No
C0460,City: Large,Southeast,Yes,United Methodist,No
C0461,Town: Distant,Southeast,Yes,N/A,No
C0462,Rural: Fringe,Southeast,No,N/A,No
C0463,Rural: Fringe,Southeast,No,N/A,No
C0464,City: Midsize,Southeast,No,N/A,No
C0465,Suburb: Small,Southeast,No,Southern Baptist,No
C0466,Town: Distant,Southeast,No,N/A,No
C0467,City: Large,Southeast,No,Roman Catholic,No
C0468,City: Small,Southeast,No,N/A,No
C0469,City: Large,Southeast,No,N/A,No
C0470,City: Small,Southeast,No,N/A,No
C0471,City: Small,Southeast,No,N/A,No
C0472,Town: Remote,Southeast,No,N/A,No
C0473,City: Large,Southeast,No,Roman Catholic,No
C0474,City: Small,Southeast,No,N/A,No
C0475,City: Midsize,Southeast,Yes,N/A,No
C0476,City: Large,Southeast,Yes,N/A,No
C0477,City: Midsize,Southeast,No,N/A,No
C0478,City: Large,Southeast,No,N/A,No
C0479,City: Large,Southeast,Yes,Roman Catholic,No
C0480,Town: Remote,New England,No,N/A,No
C0481,City: Small,New England,No,N/A,No
C0482,Town: Fringe,New England,No,N/A,No
C0483,Town: Remote,New England,No,N/A,No
C0484,City: Small,New England,No,N/A,No
C0485,Town: Distant,New England,No,N/A,No
C0486,Town: Remote,New England,No,N/A,No
C0487,Rural: Remote,New England,No,N/A,No
C0488,Rural: Remote,New England,No,N/A,No
C0489,Suburb: Small,New England,No,N/A,No
C0490,Rural: Distant,New England,No,N/A,No
C0491,Rural: Fringe,New England,No,N/A,No
C0492,Suburb: Midsize,New England,No,N/A,No
C0493,Rural: Fringe,New England,No,Roman Catholic,No
C0494,City: Small,New England,No,N/A,No
C0495,Rural: Fringe,New England,No,N/A,No
C0496,Rural: Remote,New England,No,N/A,No
C0497,City: Large,Mid East,No,N/A,No
C0498,Suburb: Large,Mid East,Yes,N/A,No
C0499,Suburb: Large,Mid East,No,Seventh Day Adventists,No
C0500,City: Large,Mid East,Yes,N/A,No
C0501,Suburb: Small,Mid East,No,N/A,No
C0502,City: Small,Mid East,No,N/A,No
C0503,City: Small,Mid East,No,N/A,No
C0504,City: Large,Mid East,No,N/A,No
C0505,City: Large,Mid East,No,Roman Catholic,No
C0506,Suburb: Large,Mid East,No,N/A,No
C0507,Suburb: Large,Mid East,No,N/A,No
C0508,Suburb: Large,Mid East,No,N/A,No
C0509,Town: Fringe,Mid East,Yes,N/A,No
C0510,City: Large,Mid East,Yes,N/A,No
C0511,Town: Fringe,Mid East,No,Roman Catholic,No
C0512,City: Large,Mid East,No,Roman Catholic,No
C0513,Suburb: Small,Mid East,No,N/A,No
C0514,Suburb: Small,Mid East,No,N/A,No
C0515,City: Large,Mid East,No,N/A,No
C0516,Suburb: Large,Mid East,No,N/A,No
C0517,City: Small,Mid East,No,N/A,No
C0518,Suburb: Large,Mid East,No,N/A,No
C0519,Rural: Fringe,Mid East,No,N/A,No
C0520,Town: Distant,Mid East,No,N/A,No
C0521,Suburb: Small,Mid East,No,N/A,No
C0522,City: Midsize,New England,No,N/A,No
C0523,Suburb: Large,New England,No,N/A,No
C0524,Rural: Fringe,New England,No,Roman Catholic,No
C0525,City: Midsize,New England,No,Roman Catholic,No
C0526,Suburb: Large,New England,No,N/A,No
C0527,City: Midsize,New England,No,N/A,No
C0528,City: Small,New England,No,N/A,No
C0529,City: Small,New England,No,Roman Catholic,No
C0530,City: Large,New England,No,N/A,No
C0531,City: Small,New England,No,N/A,No
C0532,Suburb: Large,New England,No,N/A,No
C0533,City: Midsize,New England,No,N/A,No
C0534,City: Midsize,New England,No,N/A,No
C0535,Suburb: Large,New England,No,N/A,No
C0536,Suburb: Large,New England,No,Church of the Nazarene,No
C0537,City: Large,New England,No,N/A,No
C0538,City: Large,New England,No,Roman Catholic,No
C0539,Suburb: Large,New England,No,N/A,No
C0540,City: Large,New England,No,N/A,No
C0541,Suburb: Midsize,New England,No,N/A,No
C0542,City: Small,New England,No,N/A,No
C0543,Suburb: Large,New England,No,Interdenominational,No
C0544,Suburb: Large,New England,No,N/A,No
C0545,City: Midsize,New England,No,N/A,No
C0546,City: Midsize,New England,No,Roman Catholic,No
C0547,City: Small,New England,No,N/A,No
C0548,City: Midsize,New England,No,N/A,No
C0549,Suburb: Large,New England,No,N/A,No
C0550,Suburb: Large,New England,No,N/A,No
C0551,City: Large,New England,No,N/A,No
C0552,City: Midsize,New England,No,N/A,No
C0553,Suburb: Midsize,New England,No,N/A,No
C0554,Suburb: Large,New England,No,Roman Catholic,No
C0555,Suburb: Large,New England,No,N/A,No
C0556,City: Small,New England,No,N/A,No
C0557,Suburb: Large,New England,No,N/A,No
C0558,Suburb: Large,New England,No,N/A,No
C0559,Town: Fringe,New England,No,N/A,No
C0560,City: Large,New England,No,N/A,No
C0561,Suburb: Large,New England,No,Roman Catholic,No
C0562,Suburb: Large,New England,No,N/A,No
C0563,Suburb: Large,New England,No,N/A,No
C0564,City: Large,New England,No,N/A,No
C0565,Rural: Fringe,New England,No,N/A,No
C0566,Suburb: Large,New England,No,N/A,No
C0567,City: Midsize,New England,No,N/A,No
C0568,Suburb: Midsize,New England,No,N/A,No
C0569,Suburb: Large,New England,No,Roman Catholic,No
C0570,City: Large,New England,No,N/A,No
C0571,Suburb: Large,New England,No,N/A,No
C0572,Suburb: Large,New England,No,N/A,No
C0573,City: Large,New England,No,N/A,No
C0574,City: Midsize,New England,No,N/A,No
C0575,Suburb: Large,New England,No,N/A,No
C0576,Suburb: Large,New England,No,N/A,No
C0577,City: Large,New England,No,N/A,No
C0578,Town: Fringe,New England,No,N/A,No
C0579,City: Midsize,New England,No,N/A,No
C0580,City: Midsize,New England,No,N/A,No
C0581,Town: Distant,Great Lakes,No,United Methodist,No
C0582,Town: Fringe,Great Lakes,No,United Methodist,No
C0583,Town: Distant,Great Lakes,No,Presbyterian Church (USA),No
C0584,Town: Fringe,Great Lakes,No,Seventh Day Adventists,No
C0585,City: Midsize,Great Lakes,No,Roman Catholic,No
C0586,Town: Distant,Great Lakes,No,N/A,No
C0587,Suburb: Large,Great Lakes,No,N/A,No
C0588,City: Midsize,Great Lakes,No,Christian Reformed Church,No
C0589,Town: Distant,Great Lakes,No,N/A,No
C0590,City: Midsize,Great Lakes,No,Lutheran Church - Missouri Synod,No
C0591,Suburb: Large,Great Lakes,No,N/A,No
C0592,City: Large,Great Lakes,No,Roman Catholic,No
C0593,Suburb: Large,Great Lakes,No,N/A,No
C0594,Town: Remote,Great Lakes,No,N/A,No
C0595,City: Midsize,Great Lakes,No,N/A,No
C0596,City: Small,Great Lakes,No,Other Protestant,No
C0597,City: Midsize,Great Lakes,No,Interdenominational,No
C0598,Suburb: Large,Great Lakes,No,N/A,No
C0599,City: Small,Great Lakes,No,Reformed Church in America,No
C0600,City: Small,Great Lakes,No,N/A,No
C0601,Town: Remote,Great Lakes,No,N/A,No
C0602,City: Small,Great Lakes,No,N/A,No
C0603,City: Small,Great Lakes,No,Roman Catholic,No
C0604,City: Large,Great Lakes,No,Roman Catholic,No
C0605,Suburb: Large,Great Lakes,No,Churches of Christ,No
C0606,City: Midsize,Great Lakes,No,N/A,No
C0607,City: Small,Great Lakes,No,N/A,No
C0608,Town: Remote,Great Lakes,No,N/A,No
C0609,City: Small,Great Lakes,No,N/A,No
C0610,City: Midsize,Great Lakes,No,N/A,No
C0611,City: Small,Great Lakes,No,N/A,No
C0612,Town: Remote,Great Lakes,No,N/A,No
C0613,Suburb: Large,Great Lakes,No,N/A,No
C0614,Rural: Distant,Great Lakes,No,United Church of Christ,No
C0615,Suburb: Large,Great Lakes,No,Other Protestant,No
C0616,Rural: Fringe,Great Lakes,No,N/A,No
C0617,Town: Distant,Great Lakes,No,Roman Catholic,No
C0618,Suburb: Small,Great Lakes,No,Free Methodist,No
C0619,Town: Remote,Great Lakes,No,Evangelical Lutheran Church,No
C0620,City: Large,Great Lakes,No,N/A,No
C0621,City: Small,Great Lakes,No,N/A,No
C0622,City: Large,Plains,No,Evangelical Lutheran Church,No
C0623,Town: Remote,Plains,No,N/A,No
C0624,City: Small,Plains,No,Other (none of the above),No
C0625,Suburb: Large,Plains,No,Baptist,No
C0626,Town: Distant,Plains,No,N/A,No
C0627,Suburb: Midsize,Plains,No,Evangelical Lutheran Church,No
C0628,City: Large,Plains,No,Lutheran Church - Missouri Synod,No
C0629,Town: Distant,Plains,No,Wisconsin Evangelical Lutheran Synod,No
C0630,Town: Fringe,Plains,No,Evangelical Lutheran Church,No
C0631,City: Large,Plains,No,United Methodist,No
C0632,City: Large,Plains,No,Presbyterian Church (USA),No
C0633,City: Small,Plains,No,N/A,No
C0634,City: Large,Plains,No,N/A,No
C0635,City: Large,Plains,No,N/A,No
C0636,Town: Distant,Plains,No,N/A,No
C0637,City: Small,Plains,No,N/A,No
C0638,Town: Remote,Plains,No,N/A,No
C0639,Suburb: Midsize,Plains,No,N/A,No
C0640,City: Large,Plains,No,Assemblies of God Church,No
C0641,Suburb: Large,Plains,No,Other Protestant,No
C0642,Suburb: Midsize,Plains,No,Roman Catholic,No
C0643,City: Small,Plains,No,N/A,No
C0644,Rural: Fringe,Plains,No,Roman Catholic,No
C0645,Town: Distant,Plains,No,Roman Catholic,No
C0646,Town: Distant,Plains,No,Evangelical Lutheran Church,No
C0647,Rural: Fringe,Plains,No,Christ and Missionary Alliance Church,No
C0648,City: Small,Plains,No,Roman Catholic,No
C0649,City: Large,Plains,No,Roman Catholic,No
C0650,City: Large,Plains,No,Roman Catholic,No
C0651,Town: Remote,Plains,No,N/A,No
C0652,Town: Distant,Plains,No,N/A,No
C0653,Rural: Remote,Southeast,Yes,N/A,No
C0654,City: Midsize,Southeast,No,Presbyterian Church (USA),No
C0655,Rural: Distant,Southeast,No,Southern Baptist,No
C0656,Town: Remote,Southeast,No,N/A,No
C0657,City: Midsize,Southeast,Yes,N/A,No
C0658,City: Midsize,Southeast,No,United Methodist,No
C0659,Town: Remote,Southeast,No,N/A,No
C0660,Town: Remote,Southeast,No,N/A,No
C0661,Town: Remote,Southeast,Yes,N/A,No
C0662,Suburb: Large,Southeast,No,Southern Baptist,No
C0663,Town: Remote,Southeast,No,N/A,No
C0664,Town: Distant,Southeast,Yes,United Methodist,No
C0665,City: Small,Southeast,No,N/A,No
C0666,City: Midsize,Southeast,Yes,United Church of Christ,No
C0667,City: Small,Southeast,No,Baptist,No
C0668,City: Large,Plains,No,Roman Catholic,No
C0669,Town: Distant,Plains,No,United Methodist,No
C0670,Town: Distant,Plains,No,N/A,No
C0671,City: Midsize,Plains,No,Christian Church (Disciples of Christ),No
C0672,Rural: Remote,Plains,No,Christian Church (Disciples of Christ),No
C0673,City: Midsize,Plains,No,N/A,No
C0674,City: Midsize,Plains,No,Assemblies of God Church,No
C0675,Suburb: Large,Plains,No,Roman Catholic,No
C0676,Town: Remote,Plains,No,Southern Baptist,No
C0677,City: Large,Plains,Yes,N/A,No
C0678,City: Small,Plains,Yes,N/A,No
C0679,City: Small,Plains,No,N/A,No
C0680,Suburb: Large,Plains,No,N/A,No
C0681,Suburb: Large,Plains,No,Baptist,No
C0682,City: Small,Plains,No,N/A,No
C0683,Town: Remote,Plains,No,Presbyterian Church (USA),No
C0684,City: Small,Plains,No,N/A,No
C0685,City: Midsize,Plains,No,N/A,No
C0686,City: Large,Plains,No,N/A,No
C0687,Town: Remote,Plains,No,N/A,No
C0688,Suburb: Large,Plains,No,N/A,No
C0689,Town: Remote,Plains,No,N/A,No
C0690,Town: Remote,Plains,No,N/A,No
C0691,Town: Distant,Plains,No,Presbyterian Church (USA),No
C0692,Suburb: Large,Plains,No,N/A,No
C0693,City: Large,Plains,No,Roman Catholic,No
C0694,City: Large,Plains,No,Roman Catholic,No
C0695,Town: Distant,Plains,No,Southern Baptist,No
C0696,City: Midsize,Plains,No,N/A,No
C0697,City: Small,Plains,No,N/A,No
C0698,City: Midsize,Plains,No,N/A,No
C0699,Suburb: Large,Plains,No,N/A,No
C0700,Suburb: Large,Plains,No,N/A,No
C0701,Town: Distant,Plains,No,Presbyterian Church (USA),No
C0702,Suburb: Large,Plains,No,N/A,No
C0703,Town: Distant,Plains,No,Christian Church (Disciples of Christ),No
C0704,Town: Remote,Rocky Mountains,No,Roman Catholic,No
C0705,City: Midsize,Rocky Mountains,No,N/A,No
C0706,City: Small,Rocky Mountains,No,Roman Catholic,No
C0707,Town: Remote,Rocky Mountains,No,N/A,No
C0708,Town: Remote,Rocky Mountains,No,N/A,No
C0709,City: Small,Rocky Mountains,No,N/A,No
C0710,Town: Remote,Rocky Mountains,No,N/A,No
C0711,City: Midsize,Rocky Mountains,No,United Church of Christ,No
C0712,Town: Remote,Rocky Mountains,No,N/A,No
C0713,Suburb: Large,Plains,No,N/A,No
C0714,Town: Remote,Plains,No,N/A,No
C0715,Town: Distant,Plains,No,Lutheran Church - Missouri Synod,No
C0716,City: Large,Plains,No,Roman Catholic,No
C0717,Town: Distant,Plains,No,N/A,No
C0718,City: Large,Plains,No,Interdenominational,No
C0719,Town: Distant,Plains,No,Presbyterian Church (USA),No
C0720,Town: Remote,Plains,No,N/A,No
C0721,Town: Distant,Plains,No,Evangelical Lutheran Church,No
C0722,City: Large,Plains,No,N/A,No
C0723,City: Large,Plains,No,United Methodist,No
C0724,City: Large,Plains,No,N/A,No
C0725,Rural: Distant,Plains,No,N/A,No
C0726,City: Large,Plains,No,Roman Catholic,No
C0727,City: Large,Plains,No,Seventh Day Adventists,No
C0728,Town: Distant,Plains,No,N/A,No
C0729,Town: Remote,Plains,No,Churches of Christ,No
C0730,City: Midsize,Far West,No,N/A,No
C0731,City: Midsize,Far West,No,N/A,No
C0732,Town: Remote,Far West,No,N/A,No
C0733,Town: Distant,Far West,No,N/A,No
C0734,Rural: Distant,New England,No,N/A,No
C0735,Town: Remote,New England,No,N/A,No
C0736,Rural: Fringe,New England,No,N/A,No
C0737,Rural: Distant,New England,No,N/A,No
C0738,City: Midsize,New England,No,N/A,No
C0739,Suburb: Small,New England,No,N/A,No
C0740,Town: Distant,New England,No,N/A,No
C0741,City: Midsize,New England,No,N/A,No
C0742,Town: Remote,New England,No,N/A,No
C0743,City: Small,New England,No,Roman Catholic,No
C0744,Suburb: Midsize,New England,No,Roman Catholic,No
C0745,Town: Fringe,New England,No,N/A,No
C0746,Suburb: Midsize,New England,No,Roman Catholic,No
C0747,Suburb: Large,Mid East,No,Presbyterian Church (USA),No
C0748,Suburb: Large,Mid East,No,Roman Catholic,No
C0749,Suburb: Large,Mid East,No,United Methodist,No
C0750,Suburb: Large,Mid East,No,United Methodist,No
C0751,Suburb: Large,Mid East,No,N/A,No
C0752,Suburb: Large,Mid East,No,Roman Catholic,No
C0753,Suburb: Large,Mid East,No,N/A,No
C0754,City: Small,Mid East,No,Roman Catholic,No
C0755,Suburb: Large,Mid East,No,N/A,No
C0756,City: Large,Mid East,No,N/A,No
C0757,Suburb: Large,Mid East,No,N/A,No
C0758,Suburb: Large,Mid East,No,N/A,No
C0759,Suburb: Large,Mid East,No,N/A,No
C0760,City: Large,Mid East,No,N/A,No
C0761,Suburb: Large,Mid East,No,N/A,No
C0762,Suburb: Large,Mid East,No,N/A,No
C0763,Suburb: Large,Mid East,No,N/A,No
C0764,City: Small,Mid East,No,N/A,No
C0765,City: Small,Mid East,No,N/A,No
C0766,City: Large,Mid East,No,N/A,No
C0767,City: Large,Mid East,No,Roman Catholic,No
C0768,Suburb: Large,Mid East,No,Roman Catholic,No
C0769,Suburb: Large,Mid East,No,Roman Catholic,No
C0770,Suburb: Large,Mid East,No,N/A,No
C0771,Suburb: Midsize,Mid East,No,N/A,No
C0772,City: Small,Mid East,No,N/A,No
C0773,Suburb: Large,Mid East,No,N/A,No
C0774,Suburb: Large,Mid East,No,N/A,No
C0775,Town: Remote,Southwest,No,N/A,No
C0776,Town: Remote,Southwest,No,N/A,No
C0777,Town: Remote,Southwest,No,N/A,No
C0778,City: Large,Southwest,No,N/A,No
C0779,Suburb: Midsize,Southwest,No,N/A,No
C0780,Town: Distant,Southwest,No,N/A,No
C0781,Rural: Fringe,Southwest,No,N/A,No
C0782,Town: Remote,Southwest,No,N/A,No
C0783,City: Large,Mid East,No,N/A,No
C0784,Suburb: Large,Mid East,No,N/A,No
C0785,Town: Remote,Mid East,No,N/A,No
C0786,Town: Fringe,Mid East,No,N/A,No
C0787,City: Large,Mid East,No,N/A,No
C0788,City: Large,Mid East,No,N/A,No
C0789,City: Large,Mid East,No,Roman Catholic,No
C0790,Town: Fringe,Mid East,No,N/A,No
C0791,Town: Remote,Mid East,No,N/A,No
C0792,Town: Distant,Mid East,No,N/A,No
C0793,City: Large,Mid East,No,N/A,No
C0794,City: Large,Mid East,No,N/A,No
C0795,Suburb: Large,Mid East,No,Lutheran Church - Missouri Synod,No
C0796,City: Large,Mid East,No,N/A,No
C0797,City: Small,Mid East,No,N/A,No
C0798,City: Large,Mid East,No,N/A,No
C0799,City: Large,Mid East,No,N/A,No
C0800,City: Large,Mid East,No,N/A,No
C0801,City: Large,Mid East,No,N/A,No
C0802,City: Large,Mid East,No,N/A,No
C0803,City: Large,Mid East,No,N/A,No
C0804,City: Large,Mid East,No,N/A,No
C0805,City: Large,Mid East,No,N/A,No
C0806,City: Large,Mid East,No,N/A,No
C0807,City: Large,Mid East,No,N/A,No
C0808,City: Large,Mid East,No,N/A,No
C0809,City: Large,Mid East,No,N/A,No
C0810,City: Large,Mid East,No,N/A,No
C0811,Suburb: Large,Mid East,No,N/A,No
C0812,Suburb: Large,Mid East,No,N/A,No
C0813,Suburb: Large,Mid East,No,N/A,No
C0814,City: Small,Mid East,No,N/A,No
C0815,City: Large,Mid East,No,N/A,No
C0816,City: Large,Mid East,No,Roman Catholic,No
C0817,Rural: Fringe,Mid East,No,N/A,No
C0818,Town: Remote,Mid East,No,N/A,No
C0819,Suburb: Large,Mid East,No,Roman Catholic,No
C0820,Town: Distant,Mid East,No,N/A,No
C0821,Suburb: Large,Mid East,No,N/A,No
C0822,Rural: Remote,Mid East,No,Wesleyan,No
C0823,Suburb: Large,Mid East,No,Roman Catholic,No
C0824,Suburb: Small,Mid East,No,N/A,No
C0825,Town: Distant,Mid East,No,Baptist,No
C0826,City: Midsize,Mid East,No,Roman Catholic,No
C0827,City: Large,Mid East,No,N/A,No
C0828,Suburb: Large,Mid East,No,N/A,No
C0829,Suburb: Large,Mid East,No,N/A,No
C0830,City: Large,Mid East,No,Roman Catholic,No
C0831,Suburb: Large,Mid East,No,N/A,No
C0832,Suburb: Large,Mid East,No,N/A,No
C0833,City: Large,Mid East,No,N/A,No
C0834,City: Large,Mid East,No,N/A,No
C0835,Suburb: Large,Mid East,No,N/A,No
C0836,Suburb: Large,Mid East,No,Roman Catholic,No
C0837,Suburb: Large,Mid East,No,Roman Catholic,No
C0838,City: Large,Mid East,No,Roman Catholic,No
C0839,Suburb: Large,Mid East,No,N/A,No
C0840,Suburb: Large,Mid East,No,N/A,No
C0841,City: Large,Mid East,No,N/A,No
C0842,City: Large,Mid East,No,N/A,No
C0843,Suburb: Large,Mid East,No,Roman Catholic,No
C0844,Suburb: Large,Mid East,No,N/A,No
C0845,Suburb: Large,Mid East,No,Christ and Missionary Alliance Church,No
C0846,City: Large,Mid East,No,N/A,No
C0847,Rural: Distant,Mid East,No,N/A,No
C0848,City: Large,Mid East,No,N/A,No
C0849,City: Small,Mid East,No,N/A,No
C0850,Suburb: Large,Mid East,No,Free Methodist,No
C0851,Suburb: Large,Mid East,No,N/A,No
C0852,City: Midsize,Mid East,No,N/A,No
C0853,City: Small,Mid East,No,N/A,No
C0854,Town: Remote,Mid East,No,Roman Catholic,No
C0855,City: Large,Mid East,No,N/A,No
C0856,Town: Remote,Mid East,No,N/A,No
C0857,City: Small,Mid East,No,N/A,No
C0858,Suburb: Large,Mid East,No,N/A,No
C0859,Suburb: Large,Mid East,No,N/A,No
C0860,Suburb: Large,Mid East,No,Roman Catholic,No
C0861,Suburb: Small,Mid East,No,N/A,No
C0862,City: Large,Mid East,No,N/A,No
C0863,Suburb: Large,Mid East,No,Roman Catholic,No
C0864,City: Large,Mid East,No,Roman Catholic,No
C0865,Town: Remote,Mid East,No,N/A,No
C0866,Town: Remote,Mid East,No,N/A,No
C0867,Town: Remote,Mid East,No,N/A,No
C0868,Town: Distant,Mid East,No,N/A,No
C0869,Suburb: Large,Mid East,No,N/A,No
C0870,Rural: Distant,Mid East,No,N/A,No
C0871,City: Small,Mid East,No,N/A,No
C0872,Suburb: Midsize,Mid East,No,N/A,No
C0873,Suburb: Large,Mid East,No,N/A,No
C0874,Suburb: Large,Mid East,No,N/A,No
C0875,City: Midsize,Mid East,No,N/A,No
C0876,Suburb: Midsize,Mid East,No,N/A,No
C0877,Town: Fringe,Mid East,No,N/A,No
C0878,City: Large,Mid East,No,N/A,No
C0879,Town: Distant,Mid East,No,N/A,No
C0880,Town: Distant,Mid East,No,N/A,No
C0881,Town: Distant,Mid East,No,N/A,No
C0882,Suburb: Large,Mid East,No,N/A,No
C0883,Town: Remote,Mid East,No,N/A,No
C0884,Town: Distant,Mid East,No,N/A,No
C0885,Town: Remote,Mid East,No,N/A,No
C0886,Suburb: Large,Mid East,No,N/A,No
C0887,Suburb: Large,Mid East,No,N/A,No
C0888,Town: Distant,Mid East,No,N/A,No
C0889,Suburb: Small,Mid East,No,N/A,No
C0890,City: Large,Mid East,No,N/A,No
C0891,City: Midsize,Mid East,No,N/A,No
C0892,City: Large,Mid East,No,N/A,No
C0893,City: Large,Mid East,No,N/A,No
C0894,City: Small,Mid East,No,N/A,No
C0895,City: Small,Mid East,No,N/A,No
C0896,Suburb: Large,US Service schools,No,N/A,No
C0897,City: Small,Mid East,No,N/A,No
C0898,Suburb: Large,Mid East,No,N/A,No
C0899,City: Large,Mid East,No,Lutheran Church in America,No
C0900,Rural: Distant,Mid East,No,N/A,No
C0901,City: Large,Mid East,No,N/A,No
C0902,Town: Distant,Southeast,No,N/A,No
C0903,Town: Fringe,Southeast,No,Christian Church (Disciples of Christ),No
C0904,Suburb: Midsize,Southeast,No,Roman Catholic,No
C0905,City: Large,Southeast,Yes,United Methodist,No
C0906,Town: Fringe,Southeast,No,United Methodist,No
C0907,Town: Fringe,Southeast,No,Baptist,No
C0908,Suburb: Midsize,Southeast,No,N/A,No
C0909,Town: Distant,Southeast,No,Southern Baptist,No
C0910,Suburb: Large,Southeast,No,Presbyterian Church (USA),No
C0911,City: Midsize,Southeast,No,United Methodist,No
C0912,City: Small,Southeast,No,N/A,No
C0913,Town: Distant,Southeast,Yes,N/A,No
C0914,Suburb: Midsize,Southeast,No,N/A,No
C0915,City: Midsize,Southeast,Yes,N/A,No
C0916,Town: Distant,Southeast,No,Southern Baptist,No
C0917,City: Large,Southeast,No,United Methodist,No
C0918,City: Large,Southeast,No,Friends,No
C0919,City: Midsize,Southeast,No,United Methodist,No
C0920,City: Large,Southeast,Yes,N/A,No
C0921,Rural: Distant,Southeast,No,Presbyterian Church (USA),No
C0922,City: Small,Southeast,No,Evangelical Lutheran Church,No
C0923,Suburb: Midsize,Southeast,Yes,African Methodist Episcopal Zion Church,No
C0924,Suburb: Large,Southeast,No,N/A,No
C0925,City: Large,Southeast,No,N/A,No
C0926,City: Midsize,Southeast,No,United Methodist,No
C0927,Suburb: Large,Southeast,No,Presbyterian Church (USA),No
C0928,Town: Fringe,Southeast,No,Original Free Will Baptist,No
C0929,City: Large,Southeast,Yes,N/A,No
C0930,City: Small,Southeast,No,N/A,No
C0931,City: Small,Southeast,No,N/A,No
C0932,City: Large,Southeast,No,N/A,No
C0933,City: Large,Southeast,No,N/A,No
C0934,City: Midsize,Southeast,Yes,N/A,No
C0935,City: Large,Southeast,No,N/A,No
C0936,City: Small,Southeast,No,United Methodist,No
C0937,City: Midsize,Southeast,No,N/A,No
C0938,City: Large,Southeast,No,Presbyterian Church (USA),No
C0939,Town: Distant,Southeast,No,N/A,No
C0940,Rural: Distant,Southeast,No,United Methodist,No
C0941,City: Large,Southeast,No,Presbyterian Church (USA),No
C0942,Town: Distant,Southeast,No,Christian Churches and Churches of Christ,No
C0943,City: Large,Southeast,Yes,Protestant Episcopal,No
C0944,City: Midsize,Southeast,No,Moravian Church,No
C0945,City: Large,Southeast,Yes,Baptist,No
C0946,Town: Distant,Southeast,No,Presbyterian Church (USA),No
C0947,City: Midsize,Southeast,No,N/A,No
C0948,Suburb: Large,Southeast,No,N/A,No
C0949,Suburb: Large,Southeast,No,N/A,No
C0950,City: Midsize,Southeast,Yes,N/A,No
C0951,Rural: Fringe,Southeast,No,N/A,No
C0952,Town: Remote,Plains,No,N/A,No
C0953,Town: Remote,Plains,No,Presbyterian Church (USA),No
C0954,Rural: Fringe,Plains,No,Roman Catholic,No
C0955,Rural: Remote,Plains,No,N/A,No
C0956,Town: Remote,Plains,No,N/A,No
C0957,City: Small,Plains,No,N/A,No
C0958,City: Midsize,Plains,No,N/A,No
C0959,Town: Remote,Plains,No,N/A,No
C0960,City: Midsize,Great Lakes,No,N/A,No
C0961,Town: Fringe,Great Lakes,No,Brethren Church,No
C0962,Suburb: Large,Great Lakes,No,United Methodist,No
C0963,Town: Distant,Great Lakes,No,Mennonite Church,No
C0964,Town: Fringe,Great Lakes,No,N/A,No
C0965,Suburb: Large,Great Lakes,No,Evangelical Lutheran Church,No
C0966,City: Large,Great Lakes,No,N/A,No
C0967,Town: Fringe,Great Lakes,No,Baptist,No
C0968,Rural: Fringe,Great Lakes,Yes,N/A,No
C0969,City: Large,Great Lakes,No,N/A,No
C0970,Town: Distant,Great Lakes,No,Other Protestant,No
C0971,City: Large,Great Lakes,No,N/A,No
C0972,City: Midsize,Great Lakes,No,Roman Catholic,No
C0973,Town: Distant,Great Lakes,No,United Church of Christ,No
C0974,Suburb: Small,Great Lakes,No,N/A,No
C0975,Town: Distant,Great Lakes,No,Church of God,No
C0976,Town: Distant,Great Lakes,No,United Church of Christ,No
C0977,Town: Fringe,Great Lakes,No,N/A,No
C0978,Suburb: Large,Great Lakes,No,Roman Catholic,No
C0979,Rural: Fringe,Great Lakes,No,N/A,No
C0980,Suburb: Large,Great Lakes,No,N/A,No
C0981,Town: Distant,Great Lakes,No,N/A,No
C0982,Suburb: Large,Great Lakes,No,N/A,No
C0983,Suburb: Large,Great Lakes,No,Roman Catholic,No
C0984,City: Small,Great Lakes,No,Friends,No
C0985,Town: Fringe,Great Lakes,No,N/A,No
C0986,Town: Fringe,Great Lakes,No,N/A,No
C0987,Town: Fringe,Great Lakes,No,United Methodist,No
C0988,Town: Distant,Great Lakes,No,Church of the Nazarene,No
C0989,Suburb: Large,Great Lakes,No,Roman Catholic,No
C0990,Town: Distant,Great Lakes,No,Presbyterian Church (USA),No
C0991,Suburb: Large,Great Lakes,No,Roman Catholic,No
C0992,Town: Fringe,Great Lakes,No,N/A,No
C0993,City: Large,Great Lakes,No,Roman Catholic,No
C0994,Town: Fringe,Great Lakes,No,United Methodist,No
C0995,Rural: Fringe,Great Lakes,No,N/A,No
C0996,Rural: Fringe,Great Lakes,No,N/A,No
C0997,Town: Distant,Great Lakes,No,N/A,No
C0998,Suburb: Small,Great Lakes,No,N/A,No
C0999,City: Large,Great Lakes,No,N/A,No
C1000,Town: Distant,Great Lakes,No,N/A,No
C1001,Suburb: Large,Great Lakes,No,United Methodist,No
C1002,Suburb: Large,Great Lakes,No,United Methodist,No
C1003,Rural: Distant,Great Lakes,No,N/A,No
C1004,Town: Fringe,Great Lakes,No,N/A,No
C1005,City: Small,Great Lakes,No,Roman Catholic,No
C1006,Town: Distant,Great Lakes,No,N/A,No
C1007,City: Large,Great Lakes,No,N/A,No
C1008,City: Large,Great Lakes,No,N/A,No
C1009,Rural: Fringe,Great Lakes,No,N/A,No
C1010,Suburb: Large,Great Lakes,No,Roman Catholic,No
C1011,Suburb: Large,Great Lakes,No,Roman Catholic,No
C1012,Rural: Fringe,Great Lakes,Yes,African Methodist Episcopal,No
C1013,Rural: Fringe,Great Lakes,No,Friends,No
C1014,City: Small,Great Lakes,No,Lutheran Church in America,No
C1015,Town: Distant,Great Lakes,No,N/A,No
C1016,Suburb: Large,Great Lakes,No,N/A,No
C1017,City: Large,Great Lakes,No,Roman Catholic,No
C1018,City: Small,Great Lakes,No,N/A,No
C1019,Town: Distant,Southwest,No,American Baptist,No
C1020,Town: Distant,Southwest,No,Wesleyan,No
C1021,Suburb: Large,Southwest,No,Church of the Nazarene,No
C1022,City: Small,Southwest,No,N/A,No
C1023,Suburb: Large,Southwest,No,N/A,No
C1024,Town: Remote,Southwest,No,N/A,No
C1025,Rural: Distant,Southwest,Yes,N/A,No
C1026,Town: Remote,Southwest,No,N/A,No
C1027,Town: Remote,Southwest,No,N/A,No
C1028,City: Large,Southwest,No,Churches of Christ,No
C1029,Rural: Distant,Southwest,No,N/A,No
C1030,Town: Distant,Southwest,No,N/A,No
C1031,Town: Distant,Southwest,No,Baptist,No
C1032,City: Large,Southwest,No,United Methodist,No
C1033,Suburb: Midsize,Southwest,No,N/A,No
C1034,City: Large,Southwest,No,Other Protestant,No
C1035,Town: Fringe,Southwest,No,N/A,No
C1036,Rural: Fringe,Southwest,No,Roman Catholic,No
C1037,Town: Distant,Southwest,No,N/A,No
C1038,Town: Distant,Southwest,No,N/A,No
C1039,Suburb: Large,Southwest,No,Pentecostal Holiness Church,No
C1040,Town: Remote,Southwest,No,N/A,No
C1041,City: Large,Southwest,No,Presbyterian Church (USA),No
C1042,City: Large,Far West,No,Lutheran Church - Missouri Synod,No
C1043,Town: Remote,Far West,No,N/A,No
C1044,Town: Fringe,Far West,No,Friends,No
C1045,City: Large,Far West,No,N/A,No
C1046,Town: Distant,Far West,No,American Baptist,No
C1047,Suburb: Large,Far West,No,Roman Catholic,No
C1048,City: Midsize,Far West,No,Christian Church (Disciples of Christ),No
C1049,Town: Remote,Far West,No,N/A,No
C1050,City: Small,Far West,No,N/A,No
C1051,City: Midsize,Far West,No,N/A,No
C1052,Suburb: Large,Far West,No,N/A,No
C1053,City: Large,Far West,No,N/A,No
C1054,City: Large,Far West,No,Roman Catholic,No
C1055,City: Large,Far West,No,N/A,No
C1056,Suburb: Midsize,Far West,No,N/A,No
C1057,City: Large,Far West,No,Church of God,No
C1058,City: Midsize,Far West,No,Baptist,No
C1059,City: Midsize,Far West,No,N/A,No
C1060,Town: Fringe,Far West,No,N/A,No
C1061,Suburb: Large,Mid East,No,Other (none of the above),No
C1062,City: Small,Mid East,No,United Methodist,No
C1063,Town: Distant,Mid East,No,United Methodist,No
C1064,Rural: Fringe,Mid East,No,Roman Catholic,No
C1065,City: Small,Mid East,No,Roman Catholic,No
C1066,Suburb: Large,Mid East,No,Presbyterian Church (USA),No
C1067,City: Small,Mid East,No,N/A,No
C1068,Suburb: Large,Mid East,No,N/A,No
C1069,Town: Distant,Mid East,No,N/A,No
C1070,Suburb: Large,Mid East,No,Roman Catholic,No
C1071,Suburb: Small,Mid East,No,N/A,No
C1072,City: Large,Mid East,No,Roman Catholic,No
C1073,City: Large,Mid East,No,N/A,No
C1074,City: Midsize,Mid East,No,N/A,No
C1075,City: Large,Mid East,No,N/A,No
C1076,City: Large,Mid East,No,Roman Catholic,No
C1077,Suburb: Large,Mid East,Yes,N/A,No
C1078,Town: Remote,Mid East,No,N/A,No
C1079,Suburb: Large,Mid East,No,N/A,No
C1080,City: Small,Mid East,No,N/A,No
C1081,City: Large,Mid East,No,N/A,No
C1082,City: Large,Mid East,No,Roman Catholic,No
C1083,City: Small,Mid East,No,N/A,No
C1084,Suburb: Large,Mid East,No,American Baptist,No
C1085,Town: Fringe,Mid East,No,N/A,No
C1086,Suburb: Large,Mid East,No,Church of Brethren,No
C1087,City: Small,Mid East,No,N/A,No
C1088,City: Midsize,Mid East,No,Roman Catholic,No
C1089,Suburb: Large,Mid East,No,Reformed Presbyterian Church,No
C1090,City: Small,Mid East,No,N/A,No
C1091,Suburb: Large,Mid East,No,Jewish,No
C1092,Suburb: Large,Mid East,No,Roman Catholic,No
C1093,Suburb: Large,Mid East,No,N/A,No
C1094,City: Large,Mid East,No,Roman Catholic,No
C1095,Suburb: Large,Mid East,No,Roman Catholic,No
C1096,Town: Distant,Mid East,No,N/A,No
C1097,Town: Distant,Mid East,No,N/A,No
C1098,Suburb: Large,Mid East,No,N/A,No
C1099,City: Small,Mid East,No,Roman Catholic,No
C1100,Town: Fringe,Mid East,No,N/A,No
C1101,Suburb: Large,Mid East,No,Roman Catholic,No
C1102,City: Large,Mid East,No,Roman Catholic,No
C1103,Suburb: Large,Mid East,No,Presbyterian Church (USA),No
C1104,Suburb: Small,Mid East,No,United Methodist,No
C1105,City: Small,Mid East,No,N/A,No
C1106,Suburb: Large,Mid East,Yes,N/A,No
C1107,Town: Distant,Mid East,No,N/A,No
C1108,City: Small,Mid East,No,United Methodist,No
C1109,Town: Distant,Mid East,No,N/A,No
C1110,City: Small,Mid East,No,Roman Catholic,No
C1111,City: Midsize,Mid East,No,Roman Catholic,No
C1112,Suburb: Large,Mid East,No,Interdenominational,No
C1113,Suburb: Large,Mid East,No,N/A,No
C1114,Suburb: Large,Mid East,No,Roman Catholic,No
C1115,City: Small,Mid East,No,Moravian Church,No
C1116,Town: Fringe,Mid East,No,Roman Catholic,No
C1117,City: Midsize,Mid East,No,Evangelical Lutheran Church,No
C1118,Suburb: Large,Mid East,No,Roman Catholic,No
C1119,Suburb: Midsize,Mid East,No,N/A,No
C1120,Suburb: Large,Mid East,No,N/A,No
C1121,Rural: Fringe,Mid East,No,N/A,No
C1122,Suburb: Large,Mid East,No,N/A,No
C1123,Rural: Fringe,Mid East,No,N/A,No
C1124,Suburb: Large,Mid East,No,N/A,No
C1125,Suburb: Large,Mid East,No,N/A,No
C1126,City: Small,Mid East,No,N/A,No
C1127,Suburb: Large,Mid East,No,N/A,No
C1128,Suburb: Large,Mid East,No,N/A,No
C1129,Suburb: Large,Mid East,No,N/A,No
C1130,Suburb: Large,Mid East,No,N/A,No
C1131,Town: Remote,Mid East,No,N/A,No
C1132,Rural: Fringe,Mid East,No,N/A,No
C1133,Suburb: Small,Mid East,No,N/A,No
C1134,City: Small,Mid East,No,N/A,No
C1135,Suburb: Large,Mid East,No,N/A,No
C1136,Town: Fringe,Mid East,No,N/A,No
C1137,Suburb: Large,Mid East,No,N/A,No
C1138,Town: Distant,Mid East,No,N/A,No
C1139,Suburb: Midsize,Mid East,No,N/A,No
C1140,City: Large,Mid East,No,N/A,No
C1141,City: Large,Mid East,No,N/A,No
C1142,City: Large,Mid East,No,N/A,No
C1143,Suburb: Large,Mid East,No,N/A,No
C1144,Town: Remote,Mid East,No,N/A,No
C1145,Suburb: Large,Mid East,No,N/A,No
C1146,Suburb: Small,Mid East,No,N/A,No
C1147,City: Large,Mid East,No,N/A,No
C1148,City: Large,Mid East,No,N/A,No
C1149,Suburb: Large,Mid East,No,N/A,No
C1150,Suburb: Large,Mid East,No,Roman Catholic,No
C1151,Town: Fringe,Mid East,No,Roman Catholic,No
C1152,City: Large,Mid East,No,Roman Catholic,No
C1153,Suburb: Large,Mid East,No,Roman Catholic,No
C1154,City: Small,Mid East,No,Roman Catholic,No
C1155,Suburb: Large,Mid East,No,Roman Catholic,No
C1156,Town: Fringe,Mid East,No,N/A,No
C1157,Town: Distant,Mid East,No,N/A,No
C1158,Town: Distant,Mid East,No,Evangelical Lutheran Church,No
C1159,Suburb: Large,Mid East,No,N/A,No
C1160,City: Large,Mid East,No,N/A,No
C1161,Town: Fringe,Mid East,No,Evangelical Lutheran Church,No
C1162,Suburb: Large,Mid East,No,N/A,No
C1163,Suburb: Large,Mid East,No,Assemblies of God Church,No
C1164,Suburb: Large,Mid East,No,Roman Catholic,No
C1165,Suburb: Large,Mid East,No,N/A,No
C1166,Town: Distant,Mid East,No,Presbyterian Church (USA),No
C1167,Suburb: Large,Mid East,No,N/A,No
C1168,Town: Fringe,Mid East,No,Presbyterian Church (USA),No
C1169,Suburb: Large,Mid East,No,N/A,No
C1170,City: Small,Mid East,No,N/A,No
C1171,City: Small,Mid East,No,Presbyterian Church (USA),No
C1172,Suburb: Midsize,Mid East,No,N/A,No
C1173,City: Midsize,New England,No,N/A,No
C1174,Suburb: Large,New England,No,N/A,No
C1175,City: Midsize,New England,No,N/A,No
C1176,Suburb: Large,New England,No,N/A,No
C1177,City: Midsize,New England,No,Roman Catholic,No
C1178,Suburb: Large,New England,No,N/A,No
C1179,Suburb: Large,New England,No,N/A,No
C1180,Suburb: Large,New England,No,N/A,No
C1181,Suburb: Large,New England,No,Roman Catholic,No
C1182,City: Midsize,Southeast,Yes,African Methodist Episcopal,No
C1183,City: Small,Southeast,No,Baptist,No
C1184,City: Small,Southeast,No,Baptist,No
C1185,City: Midsize,Southeast,Yes,Baptist,No
C1186,Suburb: Large,Southeast,No,Wesleyan,No
C1187,City: Midsize,Southeast,No,N/A,No
C1188,City: Midsize,Southeast,No,N/A,No
C1189,Town: Distant,Southeast,Yes,United Methodist,No
C1190,Suburb: Large,Southeast,No,N/A,No
C1191,Town: Distant,Southeast,No,N/A,No
C1192,City: Midsize,Southeast,No,N/A,No
C1193,City: Midsize,Southeast,No,United Methodist,No
C1194,City: Small,Southeast,No,N/A,No
C1195,Rural: Distant,Southeast,No,Reformed Presbyterian Church,No
C1196,Suburb: Small,Southeast,No,N/A,No
C1197,Suburb: Large,Southeast,No,N/A,No
C1198,Town: Distant,Southeast,No,N/A,No
C1199,Town: Fringe,Southeast,No,N/A,No
C1200,City: Small,Southeast,Yes,Baptist,No
C1201,Town: Distant,Southeast,No,Evangelical Lutheran Church,No
C1202,Rural: Fringe,Southeast,No,Southern Baptist,No
C1203,Town: Distant,Southeast,No,Presbyterian Church (USA),No
C1204,Suburb: Large,Southeast,No,N/A,No
C1205,Town: Fringe,Southeast,No,N/A,No
C1206,City: Midsize,Southeast,No,N/A,No
C1207,City: Small,Southeast,No,N/A,No
C1208,Town: Distant,Southeast,Yes,N/A,No
C1209,Suburb: Midsize,Southeast,No,N/A,No
C1210,Rural: Fringe,Southeast,Yes,Protestant Episcopal,No
C1211,City: Small,Southeast,No,N/A,No
C1212,City: Small,Southeast,No,United Methodist,No
C1213,City: Midsize,Plains,No,Evangelical Lutheran Church,No
C1214,Town: Distant,Plains,No,N/A,No
C1215,Town: Distant,Plains,No,N/A,No
C1216,Town: Remote,Plains,No,United Methodist,No
C1217,Town: Remote,Plains,No,Roman Catholic,No
C1218,Town: Remote,Plains,No,N/A,No
C1219,Town: Remote,Plains,No,Roman Catholic,No
C1220,Town: Remote,Plains,No,N/A,No
C1221,City: Midsize,Plains,No,American Baptist,No
C1222,Town: Distant,Plains,No,N/A,No
C1223,City: Large,Southeast,No,Roman Catholic,No
C1224,City: Midsize,Southeast,No,N/A,No
C1225,City: Large,Southeast,No,Interdenominational,No
C1226,Town: Distant,Southeast,No,Cumberland Presbyterian,No
C1227,Town: Distant,Southeast,No,Interdenominational,No
C1228,Suburb: Small,Southeast,No,Baptist,No
C1229,City: Large,Southeast,No,Roman Catholic,No
C1230,Town: Fringe,Southeast,No,N/A,No
C1231,City: Large,Southeast,No,Churches of Christ,No
C1232,City: Small,Southeast,No,N/A,No
C1233,City: Large,Southeast,Yes,N/A,No
C1234,City: Large,Southeast,No,Free Will Baptist Church,No
C1235,Town: Distant,Southeast,No,Churches of Christ,No
C1236,City: Small,Southeast,No,Presbyterian Church (USA),No
C1237,City: Small,Southeast,Yes,Christian Methodist Episcopal,No
C1238,City: Large,Southeast,Yes,Multiple Protestant Denomination,No
C1239,City: Small,Southeast,No,Church of God,No
C1240,Town: Remote,Southeast,No,N/A,No
C1241,Town: Distant,Southeast,No,United Methodist,No
C1242,Suburb: Large,Southeast,No,Presbyterian Church (USA),No
C1243,City: Large,Southeast,No,N/A,No
C1244,City: Midsize,Southeast,No,N/A,No
C1245,Suburb: Midsize,Southeast,No,Christian Churches and Churches of Christ,No
C1246,City: Large,Southeast,No,Presbyterian Church (USA),No
C1247,Rural: Distant,Southeast,No,Protestant Episcopal,No
C1248,Suburb: Large,Southeast,No,Seventh Day Adventists,No
C1249,Town: Distant,Southeast,No,United Methodist,No
C1250,City: Midsize,Southeast,No,N/A,No
C1251,City: Midsize,Southeast,No,N/A,No
C1252,Town: Remote,Southeast,No,N/A,No
C1253,City: Large,Southeast,Yes,N/A,No
C1254,Town: Remote,Southeast,No,N/A,No
C1255,City: Large,Southeast,No,Church of the Nazarene,No
C1256,Town: Distant,Southeast,No,Presbyterian Church (USA),No
C1257,City: Small,Southeast,No,Southern Baptist,No
C1258,City: Large,Southeast,No,N/A,No
C1259,City: Midsize,Southwest,No,Churches of Christ,No
C1260,City: Small,Southwest,No,N/A,No
C1261,City: Small,Southwest,No,Presbyterian Church (USA),No
C1262,City: Midsize,Southwest,No,Baptist,No
C1263,City: Large,Southwest,No,Lutheran Church - Missouri Synod,No
C1264,City: Large,Southwest,No,N/A,No
C1265,City: Large,Southwest,No,Baptist,No
C1266,City: Midsize,Southwest,No,Roman Catholic,No
C1267,Town: Distant,Southwest,No,Baptist,No
C1268,Rural: Fringe,Southwest,No,N/A,No
C1269,Town: Distant,Southwest,No,N/A,No
C1270,City: Midsize,Southwest,No,Baptist,No
C1271,City: Large,Southwest,No,Southern Baptist,No
C1272,Suburb: Large,Southwest,No,N/A,No
C1273,City: Large,Southwest,No,N/A,No
C1274,City: Small,Southwest,No,N/A,No
C1275,City: Large,Southwest,No,N/A,No
C1276,Town: Remote,Southwest,No,Baptist,No
C1277,City: Large,Southwest,Yes,Multiple Protestant Denomination,No
C1278,City: Large,Southwest,No,Roman Catholic,No
C1279,Rural: Distant,Southwest,Yes,Christian Church (Disciples of Christ),No
C1280,City: Midsize,Southwest,No,N/A,No
C1281,City: Midsize,Southwest,No,N/A,No
C1282,City: Small,Southwest,No,Interdenominational,No
C1283,City: Midsize,Southwest,No,Churches of Christ,No
C1284,Suburb: Small,Southwest,No,Baptist,No
C1285,City: Midsize,Southwest,No,United Methodist,No
C1286,City: Midsize,Southwest,No,N/A,No
C1287,City: Midsize,Southwest,No,N/A,No
C1288,City: Large,Southwest,No,Roman Catholic,No
C1289,City: Small,Southwest,No,N/A,No
C1290,City: Midsize,Southwest,No,N/A,No
C1291,City: Large,Southwest,Yes,African Methodist Episcopal,No
C1292,Town: Distant,Southwest,Yes,N/A,No
C1293,City: Large,Southwest,No,N/A,No
C1294,City: Large,Southwest,No,Roman Catholic,No
C1295,City: Large,Southwest,No,Roman Catholic,No
C1296,Town: Distant,Southwest,No,N/A,No
C1297,Town: Remote,Southwest,No,Presbyterian Church (USA),No
C1298,City: Large,Southwest,No,Roman Catholic,No
C1299,Suburb: Large,Southwest,No,United Methodist,No
C1300,Suburb: Large,Southwest,No,Assemblies of God Church,No
C1301,Suburb: Large,Southwest,No,United Methodist,No
C1302,Rural: Fringe,Southwest,No,N/A,No
C1303,Suburb: Small,Southwest,No,N/A,No
C1304,Town: Fringe,Southwest,No,Seventh Day Adventists,No
C1305,Town: Distant,Southwest,Yes,Churches of Christ,No
C1306,Town: Remote,Southwest,No,N/A,No
C1307,Town: Remote,Southwest,No,N/A,No
C1308,Town: Distant,Southwest,No,N/A,No
C1309,Town: Fringe,Southwest,No,,No
C1310,City: Small,Southwest,No,N/A,No
C1311,City: Large,Southwest,No,N/A,No
C1312,City: Large,Southwest,No,N/A,No
C1313,City: Midsize,Southwest,No,N/A,No
C1314,City: Large,Southwest,No,N/A,No
C1315,City: Small,Southwest,No,N/A,No
C1316,City: Large,Southwest,No,Christian Church (Disciples of Christ),No
C1317,City: Small,Southwest,Yes,Christian Methodist Episcopal,No
C1318,Town: Fringe,Southwest,No,American Evangelical Lutheran Church,No
C1319,City: Midsize,Southwest,No,N/A,No
C1320,City: Large,Southwest,No,N/A,No
C1321,City: Large,Southwest,Yes,N/A,No
C1322,City: Midsize,Southwest,No,N/A,No
C1323,City: Large,Southwest,No,United Methodist,No
C1324,City: Midsize,Southwest,No,N/A,No
C1325,City: Large,Southwest,No,Presbyterian Church (USA),No
C1326,Town: Remote,Southwest,No,Southern Baptist,No
C1327,Town: Fringe,Southwest,No,N/A,No
C1328,Town: Distant,Southwest,Yes,United Methodist,No
C1329,City: Midsize,Rocky Mountains,No,Latter Day Saints (Mormon Church),No
C1330,Town: Fringe,Far West,No,Latter Day Saints (Mormon Church),No
C1331,City: Small,Rocky Mountains,No,N/A,No
C1332,Town: Remote,Rocky Mountains,No,N/A,No
C1333,Suburb: Large,Rocky Mountains,No,N/A,No
C1334,City: Small,Rocky Mountains,No,N/A,No
C1335,City: Small,Rocky Mountains,No,N/A,No
C1336,City: Small,Rocky Mountains,No,N/A,No
C1337,City: Midsize,Rocky Mountains,No,N/A,No
C1338,City: Small,Rocky Mountains,No,N/A,No
C1339,City: Midsize,Rocky Mountains,No,N/A,No
C1340,Town: Distant,New England,No,N/A,No
C1341,City: Small,New England,No,N/A,No
C1342,Town: Distant,New England,No,N/A,No
C1343,City: Small,New England,No,N/A,No
C1344,Rural: Distant,New England,No,N/A,No
C1345,Rural: Distant,New England,No,United Methodist,No
C1346,Rural: Distant,New England,No,N/A,No
C1347,Town: Remote,New England,No,N/A,No
C1348,Rural: Distant,New England,No,N/A,No
C1349,Town: Distant,New England,No,N/A,No
C1350,Town: Distant,New England,No,N/A,No
C1351,Suburb: Midsize,New England,No,Roman Catholic,No
C1352,Rural: Fringe,New England,No,N/A,No
C1353,Town: Remote,New England,No,Roman Catholic,No
C1354,Rural: Fringe,New England,No,N/A,No
C1355,Rural: Remote,New England,No,N/A,No
C1356,Rural: Remote,New England,No,N/A,No
C1357,City: Small,New England,No,N/A,No
C1358,Town: Remote,Southeast,No,Baptist,No
C1359,Town: Remote,Southeast,No,Baptist,No
C1360,Suburb: Small,Southeast,No,Church of Brethren,No
C1361,Suburb: Small,Southeast,No,N/A,No
C1362,City: Large,Southeast,No,N/A,No
C1363,City: Midsize,Southeast,No,N/A,No
C1364,Rural: Fringe,Southeast,No,United Methodist,No
C1365,City: Small,Southeast,No,Mennonite Church,No
C1366,Rural: Distant,Southeast,No,United Methodist,No
C1367,Suburb: Large,Southeast,No,N/A,No
C1368,Rural: Distant,Southeast,No,N/A,No
C1369,City: Midsize,Southeast,Yes,N/A,No
C1370,Suburb: Midsize,Southeast,No,N/A,No
C1371,City: Small,Southeast,No,N/A,No
C1372,City: Small,Southeast,No,Evangelical Christian,No
C1373,Town: Remote,Southeast,No,N/A,No
C1374,City: Small,Southeast,No,Christian Church (Disciples of Christ),No
C1375,City: Small,Southeast,No,Presbyterian Church (USA),No
C1376,Suburb: Midsize,Southeast,No,N/A,No
C1377,City: Midsize,Southeast,No,Roman Catholic,No
C1378,City: Midsize,Southeast,Yes,N/A,No
C1379,City: Midsize,Southeast,No,N/A,No
C1380,City: Small,Southeast,No,N/A,No
C1381,Suburb: Large,Southeast,No,United Methodist,No
C1382,City: Small,Southeast,No,United Methodist,No
C1383,City: Midsize,Southeast,No,N/A,No
C1384,Suburb: Midsize,Southeast,No,Evangelical Lutheran Church,No
C1385,City: Small,Southeast,No,United Methodist,No
C1386,Town: Distant,Southeast,No,N/A,No
C1387,Suburb: Midsize,Southeast,No,N/A,No
C1388,Town: Distant,Southeast,No,N/A,No
C1389,City: Small,Southeast,No,Baptist,No
C1390,City: Small,Southeast,No,N/A,No
C1391,City: Midsize,Southeast,No,N/A,No
C1392,City: Small,Southeast,No,N/A,No
C1393,Town: Distant,Southeast,No,N/A,No
C1394,Suburb: Large,Southeast,Yes,N/A,No
C1395,City: Midsize,Southeast,Yes,Baptist,No
C1396,City: Large,Southeast,No,United Methodist,No
C1397,Town: Distant,Southeast,No,N/A,No
C1398,Town: Distant,Far West,No,N/A,No
C1399,City: Large,Far West,No,N/A,No
C1400,Town: Fringe,Far West,No,N/A,No
C1401,Suburb: Midsize,Far West,No,N/A,No
C1402,City: Midsize,Far West,No,Roman Catholic,No
C1403,Rural: Fringe,Far West,No,N/A,No
C1404,City: Midsize,Far West,No,Evangelical Lutheran Church,No
C1405,Suburb: Large,Far West,No,Assemblies of God Church,No
C1406,Suburb: Large,Far West,No,Evangelical Lutheran Church,No
C1407,City: Midsize,Far West,No,N/A,No
C1408,Suburb: Midsize,Far West,No,Roman Catholic,No
C1409,City: Large,Far West,No,Free Methodist,No
C1410,City: Large,Far West,No,Roman Catholic,No
C1411,Suburb: Small,Far West,No,Seventh Day Adventists,No
C1412,Town: Distant,Far West,No,N/A,No
C1413,City: Large,Far West,No,N/A,No
C1414,City: Small,Far West,No,N/A,No
C1415,City: Small,Far West,No,N/A,No
C1416,Suburb: Large,Far West,No,Presbyterian,No
C1417,Town: Distant,Southeast,No,American Baptist,No
C1418,Rural: Fringe,Southeast,No,Christian Church (Disciples of Christ),No
C1419,Town: Remote,Southeast,Yes,N/A,No
C1420,City: Small,Southeast,No,N/A,No
C1421,Town: Remote,Southeast,No,N/A,No
C1422,Town: Remote,Southeast,No,Presbyterian Church (USA),No
C1423,Town: Distant,Southeast,No,N/A,No
C1424,Town: Remote,Southeast,No,N/A,No
C1425,City: Small,Southeast,No,N/A,No
C1426,City: Small,Southeast,No,Churches of Christ,No
C1427,Suburb: Small,Southeast,No,N/A,No
C1428,Town: Fringe,Southeast,No,N/A,No
C1429,Suburb: Midsize,Southeast,Yes,N/A,No
C1430,Rural: Fringe,Southeast,No,N/A,No
C1431,Rural: Fringe,Southeast,No,N/A,No
C1432,Town: Remote,Southeast,No,United Methodist,No
C1433,City: Small,Southeast,No,N/A,No
C1434,City: Small,Southeast,No,Roman Catholic,No
C1435,City: Large,Great Lakes,No,Roman Catholic,No
C1436,City: Small,Great Lakes,No,N/A,No
C1437,Suburb: Large,Great Lakes,No,Roman Catholic,No
C1438,City: Small,Great Lakes,No,Presbyterian Church (USA),No
C1439,Suburb: Midsize,Great Lakes,No,Evangelical Lutheran Church,No
C1440,Suburb: Large,Great Lakes,No,Lutheran Church - Missouri Synod,No
C1441,City: Midsize,Great Lakes,No,Roman Catholic,No
C1442,Rural: Fringe,Great Lakes,No,United Church of Christ,No
C1443,City: Small,Great Lakes,No,N/A,No
C1444,Town: Fringe,Great Lakes,No,Baptist,No
C1445,City: Small,Great Lakes,No,Roman Catholic,No
C1446,City: Large,Great Lakes,No,Roman Catholic,No
C1447,City: Large,Great Lakes,No,N/A,No
C1448,City: Large,Great Lakes,No,Roman Catholic,No
C1449,Rural: Remote,Great Lakes,No,Baptist,No
C1450,Town: Remote,Great Lakes,No,United Church of Christ,No
C1451,Town: Distant,Great Lakes,No,N/A,No
C1452,Suburb: Midsize,Great Lakes,No,Roman Catholic,No
C1453,Town: Distant,Great Lakes,No,Roman Catholic,No
C1454,City: Small,Great Lakes,No,Roman Catholic,No
C1455,Town: Distant,Great Lakes,No,N/A,No
C1456,City: Small,Great Lakes,No,N/A,No
C1457,City: Midsize,Great Lakes,No,N/A,No
C1458,City: Small,Great Lakes,No,N/A,No
C1459,City: Large,Great Lakes,No,Wisconsin Evangelical Lutheran Synod,No
C1460,City: Small,Great Lakes,No,N/A,No
C1461,Suburb: Midsize,Great Lakes,No,N/A,No
C1462,Town: Distant,Great Lakes,No,N/A,No
C1463,Suburb: Midsize,Great Lakes,No,N/A,No
C1464,City: Midsize,Great Lakes,No,N/A,No
C1465,City: Large,Great Lakes,No,N/A,No
C1466,Town: Distant,Great Lakes,No,N/A,No
C1467,Town: Distant,Great Lakes,No,N/A,No
C1468,Town: Distant,Great Lakes,No,N/A,No
C1469,Town: Remote,Rocky Mountains,No,N/A,No
C1470,Suburb: Large,Far West,No,N/A,No
C1471,Suburb: Midsize,Great Lakes,No,N/A,No
C1472,City: Midsize,Southeast,No,N/A,No
C1473,Rural: Fringe,Southwest,No,N/A,No
C1474,Suburb: Large,Far West,No,N/A,No
C1475,City: Small,Far West,No,N/A,No
C1476,Town: Distant,New England,No,N/A,No
C1477,City: Large,Far West,No,N/A,No
C1478,Town: Fringe,Great Lakes,No,N/A,No
C1479,City: Large,Southwest,No,Church of God,No
C1480,City: Midsize,Far West,No,N/A,No
C1481,City: Small,Southeast,No,N/A,No
C1482,City: Midsize,Plains,No,N/A,No
C1483,City: Small,Mid East,No,N/A,No
C1484,Suburb: Large,Far West,No,N/A,No
C1485,Suburb: Large,Southeast,No,N/A,No
C1486,City: Large,Far West,No,N/A,No
C1487,Suburb: Large,Far West,No,N/A,No
C1488,City: Midsize,Far West,No,N/A,No
C1489,Suburb: Small,Great Lakes,No,N/A,No
C1490,Suburb: Midsize,Southeast,No,N/A,No
C1491,City: Small,Southeast,No,N/A,No
C1492,Suburb: Large,Far West,No,N/A,No
C1493,Suburb: Large,Great Lakes,No,N/A,No
C1494,Suburb: Large,Great Lakes,No,N/A,No
C1495,Rural: Fringe,Great Lakes,No,N/A,No
C1496,City: Midsize,Southeast,No,N/A,No
C1497,Suburb: Midsize,Far West,No,N/A,No
C1498,Suburb: Small,Great Lakes,No,N/A,No
C1499,Suburb: Large,Great Lakes,No,N/A,No
C1500,Suburb: Large,Southeast,No,N/A,No
C1501,City: Large,Great Lakes,No,N/A,No
C1502,Suburb: Large,Great Lakes,No,American Baptist,No
C1503,Suburb: Large,Rocky Mountains,No,N/A,No
C1504,Suburb: Large,Southeast,No,N/A,No
C1505,Suburb: Large,Great Lakes,No,Jewish,No
C1506,City: Small,Southeast,No,N/A,No
C1507,Suburb: Large,Rocky Mountains,No,N/A,No
C1508,City: Large,Rocky Mountains,No,N/A,No
C1509,Town: Distant,New England,No,N/A,No
C1510,Suburb: Midsize,Far West,No,N/A,No
C1511,City: Large,Far West,No,N/A,No
C1512,Suburb: Midsize,Far West,No,N/A,No
C1513,Suburb: Large,Great Lakes,No,N/A,No
C1514,City: Midsize,Southeast,No,N/A,No
C1515,Town: Distant,Plains,No,United Methodist,No
C1516,City: Large,Southeast,No,N/A,No
C1517,Rural: Distant,Southeast,No,Roman Catholic,No
C1518,City: Small,Mid East,No,N/A,No
C1519,City: Small,Rocky Mountains,No,N/A,No
C1520,City: Small,Mid East,No,N/A,No
C1521,Suburb: Large,Southeast,No,N/A,No
C1522,City: Large,Plains,No,N/A,No
C1523,City: Small,Southeast,No,Southern Baptist,No
C1524,City: Large,Rocky Mountains,No,N/A,No
C1525,City: Small,Great Lakes,No,N/A,No
C1526,City: Midsize,Southeast,No,N/A,No
C1527,Suburb: Large,Far West,No,N/A,No
C1528,Town: Remote,Southeast,No,Baptist,No
C1529,Rural: Fringe,Mid East,No,N/A,No
C1530,Suburb: Large,Southeast,No,N/A,No
C1531,City: Large,Mid East,No,Interdenominational,No
C1532,Town: Distant,Plains,No,American Baptist,No
C1533,City: Midsize,Far West,No,Undenominational,No
C1534,Suburb: Large,Southeast,No,N/A,No
