ID,Control,Highest degree offered
C0001,Public,Doctoral degree
C0002,Public,Doctoral degree
C0003,Private,Doctoral degree
C0004,Public,Doctoral degree
C0005,Public,Doctoral degree
C0006,Public,Doctoral degree
C0007,Public,Bachelor's degree
C0008,Public,Doctoral degree
C0009,Public,Doctoral degree
C0010,Private,Bachelor's degree
C0011,Private,Bachelor's degree
C0012,Private,Doctoral degree
C0013,Private,Bachelor's degree
C0014,Public,Doctoral degree
C0015,Private,Bachelor's degree
C0016,Public,Master's degree
C0017,Private,Bachelor's degree
C0018,Private,Master's degree
C0019,Public,Master's degree
C0020,Public,Master's degree
C0021,Private,Master's degree
C0022,Private,Doctoral degree
C0023,Public,Doctoral degree
C0024,Private,Master's degree
C0025,Private,Bachelor's degree
C0026,Private,Bachelor's degree
C0027,Public,Doctoral degree
C0028,Private,Doctoral degree
C0029,Public,Doctoral degree
C0030,Public,Doctoral degree
C0031,Public,Master's degree
C0032,Private,Doctoral degree
C0033,Private,Bachelor's degree
C0034,Public,Doctoral degree
C0035,Public,Doctoral degree
C0036,Private,Master's degree
C0037,Public,Doctoral degree
C0038,Private,Master's degree
C0039,Private,Doctoral degree
C0040,Private,Bachelor's degree
C0041,Public,Doctoral degree
C0042,Private,Bachelor's degree
C0043,Private,Bachelor's degree
C0044,Public,Doctoral degree
C0045,Public,Doctoral degree
C0046,Public,Doctoral degree
C0047,Public,Master's degree
C0048,Public,Master's degree
C0049,Public,Doctoral degree
C0050,Private,Bachelor's degree
C0051,Private,Doctoral degree
C0052,Public,Master's degree
C0053,Private,Master's degree
C0054,Private,Master's degree
C0055,Private,Bachelor's degree
C0056,Private,Bachelor's degree
C0057,Private,Bachelor's degree
C0058,Private,Bachelor's degree
C0059,Public,Master's degree
C0060,Public,Bachelor's degree
C0061,Private,Doctoral degree
C0062,Private,Doctoral degree
C0063,Private,Doctoral degree
C0064,Private,Master's degree
C0065,Private,Doctoral degree
C0066,Private,Doctoral degree
C0067,Public,Master's degree
C0068,Private,Doctoral degree
C0069,Public,Master's degree
C0070,Public,Doctoral degree
C0071,Public,Doctoral degree
C0072,Public,Doctoral degree
C0073,Public,Master's degree
C0074,Public,Master's degree
C0075,Public,Doctoral degree
C0076,Public,Doctoral degree
C0077,Public,Doctoral degree
C0078,Public,Doctoral degree
C0079,Public,Doctoral degree
C0080,Public,Doctoral degree
C0081,Public,Doctoral degree
C0082,Public,Doctoral degree
C0083,Public,Doctoral degree
C0084,Public,Doctoral degree
C0085,Public,Doctoral degree
C0086,Public,Doctoral degree
C0087,Public,Doctoral degree
C0088,Public,Doctoral degree
C0089,Public,Doctoral degree
C0090,Public,Bachelor's degree
C0091,Private,Doctoral degree
C0092,Private,Master's degree
C0093,Private,Bachelor's degree
C0094,Private,Doctoral degree
C0095,Private,Master's degree
C0096,Private,Master's degree
C0097,Private,Master's degree
C0098,Private,Doctoral degree
C0099,Private,Master's degree
C0100,Private,Doctoral degree
C0101,Private,Bachelor's degree
C0102,Private,Master's degree
C0103,Public,Master's degree
C0104,Private,Doctoral degree
C0105,Private,Doctoral degree
C0106,Private,Master's degree
C0107,Private,Doctoral degree
C0108,Private,Doctoral degree
C0109,Private,Doctoral degree
C0110,Private,Doctoral degree
C0111,Private,Doctoral degree
C0112,Private,Bachelor's degree
C0113,Private,Doctoral degree
C0114,Private,Master's degree
C0115,Private,Doctoral degree
C0116,Private,Doctoral degree
C0117,Private,Master's degree
C0118,Private,Master's degree
C0119,Private,Master's degree
C0120,Private,Master's degree
C0121,Private,Doctoral degree
C0122,Private,Doctoral degree
C0123,Private,Bachelor's degree
C0124,Private,Master's degree
C0125,Private,Bachelor's degree
C0126,Private,Doctoral degree
C0127,Public,Doctoral degree
C0128,Private,Doctoral degree
C0129,Public,Doctoral degree
C0130,Private,Doctoral degree
C0131,Public,Master's degree
C0132,Private,Doctoral degree
C0133,Private,Bachelor's degree
C0134,Private,Master's degree
C0135,Private,Doctoral degree
C0136,Public,Master's degree
C0137,Private,Master's degree
C0138,Private,Doctoral degree
C0139,Private,Bachelor's degree
C0140,Private,Bachelor's degree
C0141,Private,Doctoral degree
C0142,Private,Master's degree
C0143,Public,Master's degree
C0144,Public,Doctoral degree
C0145,Public,Doctoral degree
C0146,Public,Doctoral degree
C0147,Private,Master's degree
C0148,Private,Master's degree
C0149,Public,Doctoral degree
C0150,Public,Doctoral degree
C0151,Private,Bachelor's degree
C0152,Private,Doctoral degree
C0153,Public,Master's degree
C0154,Public,Doctoral degree
C0155,Public,Master's degree
C0156,Private,Master's degree
C0157,Public,Doctoral degree
C0158,Private,Doctoral degree
C0159,Public,Master's degree
C0160,Public,Master's degree
C0161,Private,Master's degree
C0162,Private,Doctoral degree
C0163,Public,Doctoral degree
C0164,Public,Bachelor's degree
C0165,Private,Master's degree
C0166,Public,Doctoral degree
C0167,Public,Master's degree
C0168,Private,Doctoral degree
C0169,Private,Master's degree
C0170,Private,Doctoral degree
C0171,Private,Bachelor's degree
C0172,Private,Doctoral degree
C0173,Private,Doctoral degree
C0174,Private,Doctoral degree
C0175,Private,Doctoral degree
C0176,Public,Doctoral degree
C0177,Private,Master's degree
C0178,Private,Doctoral degree
C0179,Public,Doctoral degree
C0180,Private,Doctoral degree
C0181,Public,Doctoral degree
C0182,Public,Doctoral degree
C0183,Private,Master's degree
C0184,Private,Doctoral degree
C0185,Private,Doctoral degree
C0186,Private,Doctoral degree
C0187,Public,Master's degree
C0188,Private,Doctoral degree
C0189,Private,Doctoral degree
C0190,Private,Doctoral degree
C0191,Private,Doctoral degree
C0192,Private,Master's degree
C0193,Private,Doctoral degree
C0194,Private,Master's degree
C0195,Private,Doctoral degree
C0196,Private,Doctoral degree
C0197,Public,Doctoral degree
C0198,Private,Master's degree
C0199,Private,Bachelor's degree
C0200,Private,Bachelor's degree
C0201,Private,Doctoral degree
C0202,Public,Doctoral degree
C0203,Public,Doctoral degree
C0204,Private,Bachelor's degree
C0205,Private,Bachelor's degree
C0206,Private,Doctoral degree
C0207,Public,Doctoral degree
C0208,Private,Master's degree
C0209,Private,Master's degree
C0210,Public,Doctoral degree
C0211,Public,Doctoral degree
C0212,Private,Doctoral degree
C0213,Private,Bachelor's degree
C0214,Private,Doctoral degree
C0215,Private,Master's degree
C0216,Private,Doctoral degree
C0217,Private,Bachelor's degree
C0218,Public,Doctoral degree
C0219,Private,Doctoral degree
C0220,Private,Doctoral degree
C0221,Private,Doctoral degree
C0222,Private,Doctoral degree
C0223,Public,Bachelor's degree
C0224,Public,Doctoral degree
C0225,Private,Doctoral degree
C0226,Private,Doctoral degree
C0227,Private,Master's degree
C0228,Private,Master's degree
C0229,Private,Master's degree
C0230,Private,Master's degree
C0231,Public,Doctoral degree
C0232,Private,Bachelor's degree
C0233,Public,Master's degree
C0234,Public,Doctoral degree
C0235,Private,Bachelor's degree
C0236,Private,Doctoral degree
C0237,Private,Master's degree
C0238,Private,Doctoral degree
C0239,Private,Bachelor's degree
C0240,Public,Master's degree
C0241,Public,Doctoral degree
C0242,Private,Master's degree
C0243,Public,Bachelor's degree
C0244,Private,Bachelor's degree
C0245,Private,Doctoral degree
C0246,Public,Master's degree
C0247,Public,Doctoral degree
C0248,Public,Master's degree
C0249,Public,Doctoral degree
C0250,Public,Doctoral degree
C0251,Public,Doctoral degree
C0252,Public,Doctoral degree
C0253,Public,Doctoral degree
C0254,Private,Master's degree
C0255,Private,Doctoral degree
C0256,Private,Doctoral degree
C0257,Private,Bachelor's degree
C0258,Public,Doctoral degree
C0259,Private,Master's degree
C0260,Private,Bachelor's degree
C0261,Private,Doctoral degree
C0262,Private,Master's degree
C0263,Public,Master's degree
C0264,Private,Master's degree
C0265,Private,Bachelor's degree
C0266,Public,Master's degree
C0267,Private,Master's degree
C0268,Private,Bachelor's degree
C0269,Private,Bachelor's degree
C0270,Public,Doctoral degree
C0271,Private,Master's degree
C0272,Public,Doctoral degree
C0273,Private,Master's degree
C0274,Public,Doctoral degree
C0275,Public,Doctoral degree
C0276,Private,Master's degree
C0277,Public,Bachelor's degree
C0278,Public,Doctoral degree
C0279,Public,Doctoral degree
C0280,Public,Doctoral degree
C0281,Private,Master's degree
C0282,Public,Bachelor's degree
C0283,Private,Doctoral degree
C0284,Private,Bachelor's degree
C0285,Private,Bachelor's degree
C0286,Private,Doctoral degree
C0287,Private,Bachelor's degree
C0288,Private,Doctoral degree
C0289,Public,Doctoral degree
C0290,Private,Doctoral degree
C0291,Private,Master's degree
C0292,Private,Doctoral degree
C0293,Private,Doctoral degree
C0294,Private,Bachelor's degree
C0295,Public,Master's degree
C0296,Private,Master's degree
C0297,Private,Bachelor's degree
C0298,Public,Doctoral degree
C0299,Private,Master's degree
C0300,Public,Doctoral degree
C0301,Private,Doctoral degree
C0302,Public,Doctoral degree
C0303,Private,Bachelor's degree
C0304,Private,Master's degree
C0305,Private,Doctoral degree
C0306,Public,Doctoral degree
C0307,Private,Doctoral degree
C0308,Private,Bachelor's degree
C0309,Private,Master's degree
C0310,Private,Doctoral degree
C0311,Private,Bachelor's degree
C0312,Private,Doctoral degree
C0313,Private,Bachelor's degree
C0314,Private,Doctoral degree
C0315,Private,Doctoral degree
C0316,Private,Bachelor's degree
C0317,Private,Doctoral degree
C0318,Private,Master's degree
C0319,Private,Doctoral degree
C0320,Public,Doctoral degree
C0321,Private,Doctoral degree
C0322,Public,Master's degree
C0323,Private,Doctoral degree
C0324,Private,Master's degree
C0325,Private,Master's degree
C0326,Private,Master's degree
C0327,Private,Doctoral degree
C0328,Private,Doctoral degree
C0329,Private,Doctoral degree
C0330,Private,Master's degree
C0331,Public,Doctoral degree
C0332,Private,Bachelor's degree
C0333,Public,Doctoral degree
C0334,Public,Doctoral degree
C0335,Private,Master's degree
C0336,Private,Doctoral degree
C0337,Public,Doctoral degree
C0338,Private,Doctoral degree
C0339,Private,Doctoral degree
C0340,Public,Doctoral degree
C0341,Private,Master's degree
C0342,Private,Doctoral degree
C0343,Private,Master's degree
C0344,Private,Bachelor's degree
C0345,Private,Master's degree
C0346,Private,Doctoral degree
C0347,Private,Bachelor's degree
C0348,Private,Master's degree
C0349,Private,Doctoral degree
C0350,Private,Bachelor's degree
C0351,Private,Bachelor's degree
C0352,Private,Master's degree
C0353,Public,Master's degree
C0354,Public,Doctoral degree
C0355,Private,Doctoral degree
C0356,Public,Doctoral degree
C0357,Public,Doctoral degree
C0358,Public,Master's degree
C0359,Public,Master's degree
C0360,Public,Doctoral degree
C0361,Public,Master's degree
C0362,Public,Master's degree
C0363,Public,Master's degree
C0364,Private,Doctoral degree
C0365,Private,Doctoral degree
C0366,Private,Doctoral degree
C0367,Private,Master's degree
C0368,Private,Doctoral degree
C0369,Private,Doctoral degree
C0370,Public,Master's degree
C0371,Public,Master's degree
C0372,Private,Master's degree
C0373,Private,Master's degree
C0374,Private,Master's degree
C0375,Private,Bachelor's degree
C0376,Private,Master's degree
C0377,Private,Master's degree
C0378,Private,Doctoral degree
C0379,Private,Bachelor's degree
C0380,Private,Doctoral degree
C0381,Private,Master's degree
C0382,Private,Bachelor's degree
C0383,Private,Doctoral degree
C0384,Private,Master's degree
C0385,Private,Bachelor's degree
C0386,Private,Master's degree
C0387,Private,Doctoral degree
C0388,Private,Doctoral degree
C0389,Private,Doctoral degree
C0390,Private,Master's degree
C0391,Private,Bachelor's degree
C0392,Public,Doctoral degree
C0393,Private,Bachelor's degree
C0394,Public,Doctoral degree
C0395,Private,Master's degree
C0396,Private,Bachelor's degree
C0397,Private,Doctoral degree
C0398,Private,Master's degree
C0399,Private,Master's degree
C0400,Public,Doctoral degree
C0401,Private,Bachelor's degree
C0402,Private,Doctoral degree
C0403,Private,Master's degree
C0404,Private,Master's degree
C0405,Private,Bachelor's degree
C0406,Private,Master's degree
C0407,Private,Doctoral degree
C0408,Private,Master's degree
C0409,Private,Bachelor's degree
C0410,Private,Bachelor's degree
C0411,Private,Bachelor's degree
C0412,Private,Bachelor's degree
C0413,Public,Doctoral degree
C0414,Public,Master's degree
C0415,Private,Master's degree
C0416,Public,Doctoral degree
C0417,Private,Master's degree
C0418,Public,Doctoral degree
C0419,Private,Master's degree
C0420,Private,Master's degree
C0421,Private,Master's degree
C0422,Private,Master's degree
C0423,Private,Master's degree
C0424,Public,Master's degree
C0425,Private,Doctoral degree
C0426,Private,Doctoral degree
C0427,Private,Bachelor's degree
C0428,Private,Master's degree
C0429,Public,Doctoral degree
C0430,Public,Doctoral degree
C0431,Private,Bachelor's degree
C0432,Private,Master's degree
C0433,Private,Doctoral degree
C0434,Private,Bachelor's degree
C0435,Private,Master's degree
C0436,Private,Master's degree
C0437,Private,Bachelor's degree
C0438,Private,Doctoral degree
C0439,Public,Doctoral degree
C0440,Private,Master's degree
C0441,Public,Master's degree
C0442,Private,Bachelor's degree
C0443,Public,Doctoral degree
C0444,Private,Master's degree
C0445,Private,Master's degree
C0446,Public,Doctoral degree
C0447,Private,Master's degree
C0448,Private,Master's degree
C0449,Public,Doctoral degree
C0450,Public,Doctoral degree
C0451,Public,Doctoral degree
C0452,Private,Doctoral degree
C0453,Private,Master's degree
C0454,Private,Doctoral degree
C0455,Private,Master's degree
C0456,Private,Bachelor's degree
C0457,Private,Master's degree
C0458,Public,Doctoral degree
C0459,Private,Master's degree
C0460,Private,Bachelor's degree
C0461,Public,Doctoral degree
C0462,Public,Bachelor's degree
C0463,Public,Doctoral degree
C0464,Public,Master's degree
C0465,Private,Master's degree
C0466,Public,Doctoral degree
C0467,Private,Doctoral degree
C0468,Public,Master's degree
C0469,Public,Doctoral degree
C0470,Public,Master's degree
C0471,Public,Doctoral degree
C0472,Public,Master's degree
C0473,Private,Master's degree
C0474,Public,Doctoral degree
C0475,Public,Doctoral degree
C0476,Public,Master's degree
C0477,Public,Doctoral degree
C0478,Private,Doctoral degree
C0479,Private,Doctoral degree
C0480,Private,Master's degree
C0481,Private,Bachelor's degree
C0482,Private,Bachelor's degree
C0483,Private,Bachelor's degree
C0484,Private,Doctoral degree
C0485,Public,Bachelor's degree
C0486,Public,Master's degree
C0487,Public,Bachelor's degree
C0488,Public,Bachelor's degree
C0489,Public,Doctoral degree
C0490,Public,Master's degree
C0491,Public,Bachelor's degree
C0492,Private,Doctoral degree
C0493,Private,Master's degree
C0494,Public,Doctoral degree
C0495,Private,Master's degree
C0496,Private,Bachelor's degree
C0497,Public,Doctoral degree
C0498,Public,Doctoral degree
C0499,Private,Master's degree
C0500,Public,Doctoral degree
C0501,Public,Doctoral degree
C0502,Private,Master's degree
C0503,Private,Master's degree
C0504,Private,Doctoral degree
C0505,Private,Doctoral degree
C0506,Public,Doctoral degree
C0507,Public,Doctoral degree
C0508,Public,Doctoral degree
C0509,Public,Doctoral degree
C0510,Public,Doctoral degree
C0511,Private,Master's degree
C0512,Private,Doctoral degree
C0513,Public,Doctoral degree
C0514,Public,Master's degree
C0515,Private,Master's degree
C0516,Private,Master's degree
C0517,Public,Doctoral degree
C0518,Private,Master's degree
C0519,Private,Master's degree
C0520,Private,Master's degree
C0521,Private,Master's degree
C0522,Private,Doctoral degree
C0523,Private,Bachelor's degree
C0524,Private,Master's degree
C0525,Private,Master's degree
C0526,Private,Master's degree
C0527,Private,Bachelor's degree
C0528,Private,Doctoral degree
C0529,Private,Doctoral degree
C0530,Private,Doctoral degree
C0531,Private,Doctoral degree
C0532,Public,Master's degree
C0533,Private,Doctoral degree
C0534,Private,Doctoral degree
C0535,Private,Master's degree
C0536,Private,Master's degree
C0537,Private,Master's degree
C0538,Private,Master's degree
C0539,Private,Doctoral degree
C0540,Private,Bachelor's degree
C0541,Public,Master's degree
C0542,Public,Master's degree
C0543,Private,Master's degree
C0544,Private,Bachelor's degree
C0545,Private,Doctoral degree
C0546,Private,Bachelor's degree
C0547,Private,Master's degree
C0548,Private,Doctoral degree
C0549,Public,Doctoral degree
C0550,Public,Doctoral degree
C0551,Public,Doctoral degree
C0552,Private,Doctoral degree
C0553,Public,Master's degree
C0554,Private,Master's degree
C0555,Private,Master's degree
C0556,Private,Master's degree
C0557,Private,Bachelor's degree
C0558,Private,Master's degree
C0559,Public,Master's degree
C0560,Private,Doctoral degree
C0561,Private,Master's degree
C0562,Private,Master's degree
C0563,Public,Master's degree
C0564,Private,Doctoral degree
C0565,Private,Bachelor's degree
C0566,Private,Doctoral degree
C0567,Private,Doctoral degree
C0568,Public,Doctoral degree
C0569,Private,Bachelor's degree
C0570,Private,Doctoral degree
C0571,Private,Doctoral degree
C0572,Private,Bachelor's degree
C0573,Private,Master's degree
C0574,Private,Doctoral degree
C0575,Public,Master's degree
C0576,Private,Bachelor's degree
C0577,Private,Master's degree
C0578,Private,Master's degree
C0579,Private,Doctoral degree
C0580,Public,Master's degree
C0581,Private,Master's degree
C0582,Private,Bachelor's degree
C0583,Private,Bachelor's degree
C0584,Private,Doctoral degree
C0585,Private,Master's degree
C0586,Private,Bachelor's degree
C0587,Private,Bachelor's degree
C0588,Private,Master's degree
C0589,Public,Doctoral degree
C0590,Private,Master's degree
C0591,Private,Master's degree
C0592,Private,Doctoral degree
C0593,Public,Doctoral degree
C0594,Public,Doctoral degree
C0595,Private,Master's degree
C0596,Private,Bachelor's degree
C0597,Private,Master's degree
C0598,Public,Doctoral degree
C0599,Private,Bachelor's degree
C0600,Private,Bachelor's degree
C0601,Public,Master's degree
C0602,Private,Doctoral degree
C0603,Private,Doctoral degree
C0604,Private,Master's degree
C0605,Private,Master's degree
C0606,Public,Doctoral degree
C0607,Public,Doctoral degree
C0608,Public,Doctoral degree
C0609,Public,Doctoral degree
C0610,Public,Doctoral degree
C0611,Private,Bachelor's degree
C0612,Public,Master's degree
C0613,Public,Doctoral degree
C0614,Private,Master's degree
C0615,Private,Bachelor's degree
C0616,Public,Doctoral degree
C0617,Private,Master's degree
C0618,Private,Master's degree
C0619,Private,Bachelor's degree
C0620,Public,Doctoral degree
C0621,Public,Doctoral degree
C0622,Private,Doctoral degree
C0623,Public,Master's degree
C0624,Private,Bachelor's degree
C0625,Private,Doctoral degree
C0626,Private,Bachelor's degree
C0627,Private,Master's degree
C0628,Private,Master's degree
C0629,Private,Master's degree
C0630,Private,Bachelor's degree
C0631,Private,Doctoral degree
C0632,Private,Bachelor's degree
C0633,Public,Doctoral degree
C0634,Public,Doctoral degree
C0635,Public,Doctoral degree
C0636,Public,Bachelor's degree
C0637,Public,Doctoral degree
C0638,Public,Bachelor's degree
C0639,Public,Doctoral degree
C0640,Private,Bachelor's degree
C0641,Private,Master's degree
C0642,Private,Bachelor's degree
C0643,Public,Doctoral degree
C0644,Private,Master's degree
C0645,Private,Doctoral degree
C0646,Private,Bachelor's degree
C0647,Private,Master's degree
C0648,Private,Doctoral degree
C0649,Private,Doctoral degree
C0650,Private,Doctoral degree
C0651,Public,Master's degree
C0652,Public,Doctoral degree
C0653,Public,Master's degree
C0654,Private,Master's degree
C0655,Private,Master's degree
C0656,Public,Doctoral degree
C0657,Public,Doctoral degree
C0658,Private,Master's degree
C0659,Public,Doctoral degree
C0660,Public,Doctoral degree
C0661,Public,Master's degree
C0662,Private,Doctoral degree
C0663,Public,Doctoral degree
C0664,Private,Bachelor's degree
C0665,Public,Doctoral degree
C0666,Private,Bachelor's degree
C0667,Private,Doctoral degree
C0668,Private,Master's degree
C0669,Private,Bachelor's degree
C0670,Public,Master's degree
C0671,Private,Master's degree
C0672,Private,Master's degree
C0673,Private,Master's degree
C0674,Private,Master's degree
C0675,Private,Master's degree
C0676,Private,Master's degree
C0677,Public,Bachelor's degree
C0678,Public,Master's degree
C0679,Private,Doctoral degree
C0680,Private,Doctoral degree
C0681,Private,Doctoral degree
C0682,Public,Master's degree
C0683,Private,Master's degree
C0684,Public,Master's degree
C0685,Public,Doctoral degree
C0686,Public,Doctoral degree
C0687,Public,Doctoral degree
C0688,Public,Doctoral degree
C0689,Public,Master's degree
C0690,Public,Master's degree
C0691,Private,Bachelor's degree
C0692,Private,Master's degree
C0693,Private,Doctoral degree
C0694,Private,Doctoral degree
C0695,Private,Doctoral degree
C0696,Private,Master's degree
C0697,Public,Master's degree
C0698,Public,Doctoral degree
C0699,Private,Doctoral degree
C0700,Private,Doctoral degree
C0701,Private,Bachelor's degree
C0702,Private,Bachelor's degree
C0703,Private,Doctoral degree
C0704,Private,Bachelor's degree
C0705,Public,Master's degree
C0706,Private,Master's degree
C0707,Public,Master's degree
C0708,Public,Doctoral degree
C0709,Public,Doctoral degree
C0710,Public,Master's degree
C0711,Private,Master's degree
C0712,Public,Bachelor's degree
C0713,Private,Doctoral degree
C0714,Public,Master's degree
C0715,Private,Master's degree
C0716,Private,Doctoral degree
C0717,Private,Bachelor's degree
C0718,Private,Master's degree
C0719,Private,Master's degree
C0720,Public,Master's degree
C0721,Private,Master's degree
C0722,Public,Doctoral degree
C0723,Private,Master's degree
C0724,Public,Doctoral degree
C0725,Public,Master's degree
C0726,Private,Doctoral degree
C0727,Private,Master's degree
C0728,Public,Master's degree
C0729,Private,Master's degree
C0730,Public,Doctoral degree
C0731,Public,Doctoral degree
C0732,Public,Bachelor's degree
C0733,Private,Master's degree
C0734,Private,Bachelor's degree
C0735,Private,Doctoral degree
C0736,Private,Doctoral degree
C0737,Private,Doctoral degree
C0738,Private,Doctoral degree
C0739,Public,Doctoral degree
C0740,Public,Master's degree
C0741,Public,Bachelor's degree
C0742,Public,Doctoral degree
C0743,Private,Doctoral degree
C0744,Private,Bachelor's degree
C0745,Public,Master's degree
C0746,Private,Bachelor's degree
C0747,Private,Master's degree
C0748,Private,Doctoral degree
C0749,Private,Master's degree
C0750,Private,Doctoral degree
C0751,Private,Doctoral degree
C0752,Private,Doctoral degree
C0753,Private,Doctoral degree
C0754,Private,Master's degree
C0755,Public,Doctoral degree
C0756,Public,Doctoral degree
C0757,Public,Doctoral degree
C0758,Private,Doctoral degree
C0759,Public,Doctoral degree
C0760,Public,Doctoral degree
C0761,Private,Doctoral degree
C0762,Public,Master's degree
C0763,Private,Master's degree
C0764,Public,Doctoral degree
C0765,Public,Doctoral degree
C0766,Public,Doctoral degree
C0767,Private,Doctoral degree
C0768,Private,Doctoral degree
C0769,Private,Doctoral degree
C0770,Private,Doctoral degree
C0771,Public,Doctoral degree
C0772,Public,Master's degree
C0773,Public,Master's degree
C0774,Public,Doctoral degree
C0775,Public,Master's degree
C0776,Public,Master's degree
C0777,Public,Doctoral degree
C0778,Public,Doctoral degree
C0779,Public,Doctoral degree
C0780,Public,Bachelor's degree
C0781,Private,Master's degree
C0782,Public,Master's degree
C0783,Private,Master's degree
C0784,Private,Doctoral degree
C0785,Private,Doctoral degree
C0786,Private,Doctoral degree
C0787,Private,Bachelor's degree
C0788,Private,Master's degree
C0789,Private,Master's degree
C0790,Private,Bachelor's degree
C0791,Private,Doctoral degree
C0792,Private,Master's degree
C0793,Private,Master's degree
C0794,Private,Doctoral degree
C0795,Private,Master's degree
C0796,Private,Master's degree
C0797,Private,Doctoral degree
C0798,Public,Master's degree
C0799,Public,Master's degree
C0800,Public,Master's degree
C0801,Public,Doctoral degree
C0802,Public,Doctoral degree
C0803,Public,Doctoral degree
C0804,Public,Master's degree
C0805,Public,Master's degree
C0806,Public,Bachelor's degree
C0807,Public,Bachelor's degree
C0808,Public,Master's degree
C0809,Public,Master's degree
C0810,Private,Doctoral degree
C0811,Private,Doctoral degree
C0812,Private,Doctoral degree
C0813,Private,Doctoral degree
C0814,Private,Master's degree
C0815,Public,Master's degree
C0816,Private,Doctoral degree
C0817,Private,Bachelor's degree
C0818,Private,Bachelor's degree
C0819,Private,Master's degree
C0820,Private,Master's degree
C0821,Private,Doctoral degree
C0822,Private,Master's degree
C0823,Private,Master's degree
C0824,Private,Doctoral degree
C0825,Private,Master's degree
C0826,Private,Master's degree
C0827,Private,Doctoral degree
C0828,Private,Doctoral degree
C0829,Private,Master's degree
C0830,Private,Master's degree
C0831,Private,Doctoral degree
C0832,Private,Master's degree
C0833,Private,Bachelor's degree
C0834,Private,Doctoral degree
C0835,Private,Doctoral degree
C0836,Private,Doctoral degree
C0837,Private,Master's degree
C0838,Private,Master's degree
C0839,Private,Doctoral degree
C0840,Private,Master's degree
C0841,Private,Doctoral degree
C0842,Private,Doctoral degree
C0843,Private,Doctoral degree
C0844,Private,Doctoral degree
C0845,Private,Doctoral degree
C0846,Private,Doctoral degree
C0847,Private,Bachelor's degree
C0848,Private,Doctoral degree
C0849,Private,Doctoral degree
C0850,Private,Master's degree
C0851,Private,Doctoral degree
C0852,Private,Doctoral degree
C0853,Private,Doctoral degree
C0854,Private,Master's degree
C0855,Private,Master's degree
C0856,Private,Master's degree
C0857,Private,Master's degree
C0858,Private,Master's degree
C0859,Private,Master's degree
C0860,Private,Master's degree
C0861,Private,Master's degree
C0862,Private,Master's degree
C0863,Private,Doctoral degree
C0864,Private,Doctoral degree
C0865,Public,Bachelor's degree
C0866,Public,Bachelor's degree
C0867,Public,Bachelor's degree
C0868,Public,Bachelor's degree
C0869,Public,Bachelor's degree
C0870,Public,Bachelor's degree
C0871,Public,Doctoral degree
C0872,Public,Doctoral degree
C0873,Public,Doctoral degree
C0874,Public,Doctoral degree
C0875,Public,Doctoral degree
C0876,Public,Master's degree
C0877,Public,Master's degree
C0878,Public,Master's degree
C0879,Public,Master's degree
C0880,Public,Master's degree
C0881,Public,Master's degree
C0882,Public,Master's degree
C0883,Public,Master's degree
C0884,Public,Master's degree
C0885,Public,Master's degree
C0886,Public,Master's degree
C0887,Public,Master's degree
C0888,Public,Master's degree
C0889,Public,Master's degree
C0890,Public,Master's degree
C0891,Private,Doctoral degree
C0892,Private,Doctoral degree
C0893,Private,Doctoral degree
C0894,Private,Master's degree
C0895,Private,Bachelor's degree
C0896,Public,Master's degree
C0897,Private,Doctoral degree
C0898,Private,Master's degree
C0899,Private,Master's degree
C0900,Private,Bachelor's degree
C0901,Private,Doctoral degree
C0902,Public,Doctoral degree
C0903,Private,Master's degree
C0904,Private,Bachelor's degree
C0905,Private,Bachelor's degree
C0906,Private,Bachelor's degree
C0907,Private,Doctoral degree
C0908,Private,Master's degree
C0909,Private,Master's degree
C0910,Private,Bachelor's degree
C0911,Private,Doctoral degree
C0912,Public,Doctoral degree
C0913,Public,Master's degree
C0914,Private,Doctoral degree
C0915,Public,Doctoral degree
C0916,Private,Doctoral degree
C0917,Private,Master's degree
C0918,Private,Bachelor's degree
C0919,Private,Doctoral degree
C0920,Private,Bachelor's degree
C0921,Private,Bachelor's degree
C0922,Private,Master's degree
C0923,Private,Bachelor's degree
C0924,Private,Master's degree
C0925,Private,Master's degree
C0926,Private,Master's degree
C0927,Private,Master's degree
C0928,Private,Bachelor's degree
C0929,Public,Doctoral degree
C0930,Public,Master's degree
C0931,Public,Doctoral degree
C0932,Public,Doctoral degree
C0933,Public,Doctoral degree
C0934,Public,Doctoral degree
C0935,Public,Doctoral degree
C0936,Private,Bachelor's degree
C0937,Public,Doctoral degree
C0938,Private,Bachelor's degree
C0939,Public,Master's degree
C0940,Private,Master's degree
C0941,Private,Master's degree
C0942,Private,Bachelor's degree
C0943,Private,Bachelor's degree
C0944,Private,Master's degree
C0945,Private,Master's degree
C0946,Private,Master's degree
C0947,Private,Doctoral degree
C0948,Private,Master's degree
C0949,Private,Doctoral degree
C0950,Public,Doctoral degree
C0951,Public,Doctoral degree
C0952,Public,Bachelor's degree
C0953,Private,Doctoral degree
C0954,Private,Doctoral degree
C0955,Public,Bachelor's degree
C0956,Public,Master's degree
C0957,Public,Doctoral degree
C0958,Public,Doctoral degree
C0959,Public,Master's degree
C0960,Public,Doctoral degree
C0961,Private,Doctoral degree
C0962,Private,Master's degree
C0963,Private,Master's degree
C0964,Public,Doctoral degree
C0965,Private,Doctoral degree
C0966,Private,Doctoral degree
C0967,Private,Doctoral degree
C0968,Public,Master's degree
C0969,Public,Doctoral degree
C0970,Private,Master's degree
C0971,Public,Doctoral degree
C0972,Private,Doctoral degree
C0973,Private,Master's degree
C0974,Private,Bachelor's degree
C0975,Private,Doctoral degree
C0976,Private,Master's degree
C0977,Private,Master's degree
C0978,Private,Master's degree
C0979,Public,Bachelor's degree
C0980,Public,Doctoral degree
C0981,Private,Bachelor's degree
C0982,Private,Master's degree
C0983,Private,Master's degree
C0984,Private,Master's degree
C0985,Private,Master's degree
C0986,Public,Doctoral degree
C0987,Private,Master's degree
C0988,Private,Master's degree
C0989,Private,Doctoral degree
C0990,Private,Master's degree
C0991,Private,Master's degree
C0992,Private,Master's degree
C0993,Private,Master's degree
C0994,Private,Doctoral degree
C0995,Public,Master's degree
C0996,Public,Master's degree
C0997,Public,Master's degree
C0998,Public,Master's degree
C0999,Public,Doctoral degree
C1000,Public,Doctoral degree
C1001,Private,Bachelor's degree
C1002,Private,Doctoral degree
C1003,Private,Master's degree
C1004,Public,Master's degree
C1005,Private,Master's degree
C1006,Private,Master's degree
C1007,Public,Doctoral degree
C1008,Private,Doctoral degree
C1009,Private,Master's degree
C1010,Private,Doctoral degree
C1011,Private,Doctoral degree
C1012,Private,Master's degree
C1013,Private,Master's degree
C1014,Private,Master's degree
C1015,Private,Bachelor's degree
C1016,Public,Doctoral degree
C1017,Private,Doctoral degree
C1018,Public,Doctoral degree
C1019,Private,Bachelor's degree
C1020,Private,Master's degree
C1021,Private,Master's degree
C1022,Public,Master's degree
C1023,Public,Master's degree
C1024,Public,Master's degree
C1025,Public,Doctoral degree
C1026,Public,Doctoral degree
C1027,Public,Master's degree
C1028,Private,Master's degree
C1029,Public,Bachelor's degree
C1030,Public,Doctoral degree
C1031,Private,Master's degree
C1032,Private,Doctoral degree
C1033,Public,Doctoral degree
C1034,Private,Doctoral degree
C1035,Public,Bachelor's degree
C1036,Private,Master's degree
C1037,Public,Bachelor's degree
C1038,Public,Master's degree
C1039,Private,Master's degree
C1040,Public,Doctoral degree
C1041,Private,Doctoral degree
C1042,Private,Doctoral degree
C1043,Public,Master's degree
C1044,Private,Doctoral degree
C1045,Private,Doctoral degree
C1046,Private,Bachelor's degree
C1047,Private,Master's degree
C1048,Private,Master's degree
C1049,Public,Master's degree
C1050,Public,Doctoral degree
C1051,Public,Doctoral degree
C1052,Private,Doctoral degree
C1053,Public,Doctoral degree
C1054,Private,Doctoral degree
C1055,Private,Master's degree
C1056,Public,Master's degree
C1057,Private,Master's degree
C1058,Private,Doctoral degree
C1059,Private,Doctoral degree
C1060,Public,Master's degree
C1061,Private,Master's degree
C1062,Private,Master's degree
C1063,Private,Bachelor's degree
C1064,Private,Doctoral degree
C1065,Private,Doctoral degree
C1066,Private,Doctoral degree
C1067,Public,Doctoral degree
C1068,Private,Doctoral degree
C1069,Private,Master's degree
C1070,Private,Master's degree
C1071,Public,Master's degree
C1072,Private,Doctoral degree
C1073,Private,Doctoral degree
C1074,Private,Master's degree
C1075,Private,Doctoral degree
C1076,Private,Doctoral degree
C1077,Public,Master's degree
C1078,Public,Master's degree
C1079,Private,Master's degree
C1080,Private,Bachelor's degree
C1081,Private,Doctoral degree
C1082,Private,Doctoral degree
C1083,Public,Master's degree
C1084,Private,Doctoral degree
C1085,Public,Master's degree
C1086,Private,Master's degree
C1087,Private,Bachelor's degree
C1088,Private,Doctoral degree
C1089,Private,Master's degree
C1090,Private,Bachelor's degree
C1091,Private,Doctoral degree
C1092,Private,Master's degree
C1093,Private,Bachelor's degree
C1094,Private,Doctoral degree
C1095,Private,Doctoral degree
C1096,Public,Doctoral degree
C1097,Private,Master's degree
C1098,Private,Bachelor's degree
C1099,Private,Master's degree
C1100,Public,Master's degree
C1101,Private,Master's degree
C1102,Private,Doctoral degree
C1103,Private,Bachelor's degree
C1104,Private,Doctoral degree
C1105,Private,Doctoral degree
C1106,Public,Master's degree
C1107,Public,Master's degree
C1108,Private,Bachelor's degree
C1109,Public,Master's degree
C1110,Private,Doctoral degree
C1111,Private,Doctoral degree
C1112,Private,Master's degree
C1113,Public,Master's degree
C1114,Private,Doctoral degree
C1115,Private,Master's degree
C1116,Private,Master's degree
C1117,Private,Bachelor's degree
C1118,Private,Doctoral degree
C1119,Public,Master's degree
C1120,Public,Master's degree
C1121,Public,Master's degree
C1122,Public,Bachelor's degree
C1123,Public,Bachelor's degree
C1124,Public,Bachelor's degree
C1125,Public,Bachelor's degree
C1126,Public,Bachelor's degree
C1127,Public,Bachelor's degree
C1128,Public,Bachelor's degree
C1129,Public,Doctoral degree
C1130,Public,Bachelor's degree
C1131,Public,Bachelor's degree
C1132,Public,Bachelor's degree
C1133,Public,Bachelor's degree
C1134,Public,Doctoral degree
C1135,Public,Master's degree
C1136,Public,Bachelor's degree
C1137,Public,Bachelor's degree
C1138,Public,Bachelor's degree
C1139,Public,Master's degree
C1140,Private,Master's degree
C1141,Private,Doctoral degree
C1142,Private,Doctoral degree
C1143,Private,Master's degree
C1144,Public,Bachelor's degree
C1145,Public,Bachelor's degree
C1146,Public,Bachelor's degree
C1147,Public,Doctoral degree
C1148,Private,Master's degree
C1149,Private,Doctoral degree
C1150,Private,Master's degree
C1151,Private,Doctoral degree
C1152,Private,Doctoral degree
C1153,Private,Doctoral degree
C1154,Private,Doctoral degree
C1155,Private,Master's degree
C1156,Public,Master's degree
C1157,Public,Doctoral degree
C1158,Private,Bachelor's degree
C1159,Private,Bachelor's degree
C1160,Public,Doctoral degree
C1161,Private,Bachelor's degree
C1162,Private,Bachelor's degree
C1163,Private,Master's degree
C1164,Private,Doctoral degree
C1165,Private,Bachelor's degree
C1166,Private,Doctoral degree
C1167,Public,Master's degree
C1168,Private,Master's degree
C1169,Private,Doctoral degree
C1170,Private,Doctoral degree
C1171,Private,Master's degree
C1172,Private,Doctoral degree
C1173,Private,Doctoral degree
C1174,Private,Master's degree
C1175,Private,Doctoral degree
C1176,Private,Master's degree
C1177,Private,Master's degree
C1178,Public,Doctoral degree
C1179,Public,Doctoral degree
C1180,Private,Master's degree
C1181,Private,Doctoral degree
C1182,Private,Bachelor's degree
C1183,Private,Doctoral degree
C1184,Private,Master's degree
C1185,Private,Bachelor's degree
C1186,Private,Master's degree
C1187,Public,Master's degree
C1188,Public,Master's degree
C1189,Private,Master's degree
C1190,Public,Doctoral degree
C1191,Private,Master's degree
C1192,Private,Doctoral degree
C1193,Private,Master's degree
C1194,Private,Master's degree
C1195,Private,Doctoral degree
C1196,Public,Master's degree
C1197,Private,Master's degree
C1198,Public,Master's degree
C1199,Private,Master's degree
C1200,Private,Bachelor's degree
C1201,Private,Bachelor's degree
C1202,Private,Doctoral degree
C1203,Private,Doctoral degree
C1204,Public,Master's degree
C1205,Public,Bachelor's degree
C1206,Public,Doctoral degree
C1207,Public,Master's degree
C1208,Public,Doctoral degree
C1209,Public,Master's degree
C1210,Private,Bachelor's degree
C1211,Public,Master's degree
C1212,Private,Bachelor's degree
C1213,Private,Master's degree
C1214,Public,Master's degree
C1215,Public,Doctoral degree
C1216,Private,Master's degree
C1217,Private,Master's degree
C1218,Public,Master's degree
C1219,Private,Bachelor's degree
C1220,Public,Doctoral degree
C1221,Private,Master's degree
C1222,Public,Doctoral degree
C1223,Private,Master's degree
C1224,Public,Master's degree
C1225,Private,Doctoral degree
C1226,Private,Master's degree
C1227,Private,Master's degree
C1228,Private,Doctoral degree
C1229,Private,Master's degree
C1230,Private,Master's degree
C1231,Private,Doctoral degree
C1232,Public,Doctoral degree
C1233,Private,Master's degree
C1234,Private,Bachelor's degree
C1235,Private,Master's degree
C1236,Private,Master's degree
C1237,Private,Bachelor's degree
C1238,Private,Bachelor's degree
C1239,Private,Master's degree
C1240,Private,Doctoral degree
C1241,Private,Bachelor's degree
C1242,Private,Bachelor's degree
C1243,Public,Doctoral degree
C1244,Public,Doctoral degree
C1245,Private,Master's degree
C1246,Private,Master's degree
C1247,Private,Doctoral degree
C1248,Private,Doctoral degree
C1249,Private,Master's degree
C1250,Public,Doctoral degree
C1251,Public,Doctoral degree
C1252,Public,Master's degree
C1253,Public,Doctoral degree
C1254,Public,Doctoral degree
C1255,Private,Doctoral degree
C1256,Private,Master's degree
C1257,Private,Doctoral degree
C1258,Private,Doctoral degree
C1259,Private,Doctoral degree
C1260,Public,Doctoral degree
C1261,Private,Master's degree
C1262,Private,Doctoral degree
C1263,Private,Master's degree
C1264,Public,Doctoral degree
C1265,Private,Doctoral degree
C1266,Private,Doctoral degree
C1267,Private,Master's degree
C1268,Public,Master's degree
C1269,Public,Doctoral degree
C1270,Private,Doctoral degree
C1271,Private,Master's degree
C1272,Public,Doctoral degree
C1273,Public,Master's degree
C1274,Public,Master's degree
C1275,Public,Doctoral degree
C1276,Private,Master's degree
C1277,Private,Bachelor's degree
C1278,Private,Doctoral degree
C1279,Private,Bachelor's degree
C1280,Public,Doctoral degree
C1281,Public,Doctoral degree
C1282,Private,Master's degree
C1283,Private,Master's degree
C1284,Private,Doctoral degree
C1285,Private,Master's degree
C1286,Public,Master's degree
C1287,Public,Doctoral degree
C1288,Private,Doctoral degree
C1289,Public,Doctoral degree
C1290,Public,Doctoral degree
C1291,Private,Bachelor's degree
C1292,Public,Doctoral degree
C1293,Private,Doctoral degree
C1294,Private,Master's degree
C1295,Private,Doctoral degree
C1296,Public,Doctoral degree
C1297,Private,Master's degree
C1298,Private,Doctoral degree
C1299,Private,Doctoral degree
C1300,Private,Master's degree
C1301,Private,Bachelor's degree
C1302,Public,Doctoral degree
C1303,Public,Doctoral degree
C1304,Private,Master's degree
C1305,Private,Bachelor's degree
C1306,Public,Master's degree
C1307,Public,Doctoral degree
C1308,Public,Doctoral degree
C1309,Public,Doctoral degree
C1310,Public,Doctoral degree
C1311,Public,Doctoral degree
C1312,Public,Doctoral degree
C1313,Public,Doctoral degree
C1314,Public,Doctoral degree
C1315,Public,Doctoral degree
C1316,Private,Doctoral degree
C1317,Private,Bachelor's degree
C1318,Private,Master's degree
C1319,Public,Master's degree
C1320,Public,Doctoral degree
C1321,Public,Doctoral degree
C1322,Public,Doctoral degree
C1323,Private,Doctoral degree
C1324,Public,Doctoral degree
C1325,Private,Master's degree
C1326,Private,Master's degree
C1327,Public,Doctoral degree
C1328,Private,Bachelor's degree
C1329,Private,Doctoral degree
C1330,Private,Bachelor's degree
C1331,Public,Bachelor's degree
C1332,Public,Master's degree
C1333,Private,Bachelor's degree
C1334,Private,Bachelor's degree
C1335,Public,Doctoral degree
C1336,Public,Master's degree
C1337,Public,Doctoral degree
C1338,Public,Master's degree
C1339,Private,Master's degree
C1340,Private,Master's degree
C1341,Private,Master's degree
C1342,Public,Master's degree
C1343,Private,Master's degree
C1344,Private,Master's degree
C1345,Private,Master's degree
C1346,Public,Master's degree
C1347,Public,Master's degree
C1348,Private,Master's degree
C1349,Private,Doctoral degree
C1350,Private,Master's degree
C1351,Private,Master's degree
C1352,Private,Master's degree
C1353,Private,Master's degree
C1354,Private,Bachelor's degree
C1355,Private,Bachelor's degree
C1356,Public,Bachelor's degree
C1357,Public,Doctoral degree
C1358,Private,Master's degree
C1359,Private,Master's degree
C1360,Private,Bachelor's degree
C1361,Public,Doctoral degree
C1362,Private,Doctoral degree
C1363,Public,Master's degree
C1364,Private,Master's degree
C1365,Private,Master's degree
C1366,Private,Bachelor's degree
C1367,Public,Doctoral degree
C1368,Private,Bachelor's degree
C1369,Private,Doctoral degree
C1370,Private,Master's degree
C1371,Public,Doctoral degree
C1372,Private,Doctoral degree
C1373,Public,Master's degree
C1374,Private,Doctoral degree
C1375,Private,Master's degree
C1376,Public,Master's degree
C1377,Private,Doctoral degree
C1378,Public,Doctoral degree
C1379,Public,Doctoral degree
C1380,Public,Doctoral degree
C1381,Private,Bachelor's degree
C1382,Private,Master's degree
C1383,Private,Doctoral degree
C1384,Private,Bachelor's degree
C1385,Private,Doctoral degree
C1386,Private,Bachelor's degree
C1387,Private,Master's degree
C1388,Public,Bachelor's degree
C1389,Private,Bachelor's degree
C1390,Public,Doctoral degree
C1391,Public,Doctoral degree
C1392,Public,Doctoral degree
C1393,Public,Bachelor's degree
C1394,Public,Doctoral degree
C1395,Private,Doctoral degree
C1396,Private,Bachelor's degree
C1397,Private,Doctoral degree
C1398,Public,Master's degree
C1399,Private,Doctoral degree
C1400,Public,Doctoral degree
C1401,Public,Master's degree
C1402,Private,Doctoral degree
C1403,Private,Master's degree
C1404,Private,Bachelor's degree
C1405,Private,Doctoral degree
C1406,Private,Master's degree
C1407,Private,Doctoral degree
C1408,Private,Master's degree
C1409,Private,Doctoral degree
C1410,Private,Doctoral degree
C1411,Private,Master's degree
C1412,Public,Doctoral degree
C1413,Public,Doctoral degree
C1414,Public,Master's degree
C1415,Private,Bachelor's degree
C1416,Private,Master's degree
C1417,Private,Master's degree
C1418,Private,Master's degree
C1419,Public,Bachelor's degree
C1420,Private,Doctoral degree
C1421,Public,Master's degree
C1422,Private,Bachelor's degree
C1423,Public,Master's degree
C1424,Public,Bachelor's degree
C1425,Public,Doctoral degree
C1426,Private,Master's degree
C1427,Public,Bachelor's degree
C1428,Public,Master's degree
C1429,Public,Master's degree
C1430,Public,Master's degree
C1431,Public,Bachelor's degree
C1432,Private,Master's degree
C1433,Public,Doctoral degree
C1434,Private,Doctoral degree
C1435,Private,Master's degree
C1436,Private,Bachelor's degree
C1437,Private,Doctoral degree
C1438,Private,Doctoral degree
C1439,Private,Master's degree
C1440,Private,Doctoral degree
C1441,Private,Doctoral degree
C1442,Private,Master's degree
C1443,Private,Bachelor's degree
C1444,Private,Master's degree
C1445,Private,Doctoral degree
C1446,Private,Doctoral degree
C1447,Private,Master's degree
C1448,Private,Doctoral degree
C1449,Private,Doctoral degree
C1450,Private,Bachelor's degree
C1451,Private,Bachelor's degree
C1452,Private,Master's degree
C1453,Private,Master's degree
C1454,Private,Doctoral degree
C1455,Public,Master's degree
C1456,Public,Doctoral degree
C1457,Public,Master's degree
C1458,Public,Doctoral degree
C1459,Private,Master's degree
C1460,Public,Doctoral degree
C1461,Public,Master's degree
C1462,Public,Master's degree
C1463,Public,Master's degree
C1464,Public,Doctoral degree
C1465,Public,Doctoral degree
C1466,Public,Master's degree
C1467,Public,Master's degree
C1468,Public,Doctoral degree
C1469,Public,Doctoral degree
C1470,Private,Doctoral degree
C1471,Public,Doctoral degree
C1472,Private,Bachelor's degree
C1473,Private,Master's degree
C1474,Private,Master's degree
C1475,Private,Doctoral degree
C1476,Private,Doctoral degree
C1477,Private,Doctoral degree
C1478,Private,Master's degree
C1479,Private,Master's degree
C1480,Private,Doctoral degree
C1481,Public,Bachelor's degree
C1482,Private,Doctoral degree
C1483,Public,Bachelor's degree
C1484,Public,Master's degree
C1485,Private,Master's degree
C1486,Private,Bachelor's degree
C1487,Public,Master's degree
C1488,Public,Doctoral degree
C1489,Private,Bachelor's degree
C1490,Private,Bachelor's degree
C1491,Private,Master's degree
C1492,Private,Master's degree
C1493,Private,Bachelor's degree
C1494,Private,Bachelor's degree
C1495,Private,Bachelor's degree
C1496,Private,Bachelor's degree
C1497,Public,Master's degree
C1498,Private,Bachelor's degree
C1499,Private,Doctoral degree
C1500,Private,Bachelor's degree
C1501,Private,Master's degree
C1502,Private,Master's degree
C1503,Private,Master's degree
C1504,Public,Doctoral degree
C1505,Private,Bachelor's degree
C1506,Private,Bachelor's degree
C1507,Private,Master's degree
C1508,Private,Master's degree
C1509,Private,Master's degree
C1510,Public,Master's degree
C1511,Public,Bachelor's degree
C1512,Public,Master's degree
C1513,Private,Bachelor's degree
C1514,Private,Bachelor's degree
C1515,Private,Master's degree
C1516,Private,Bachelor's degree
C1517,Private,Doctoral degree
C1518,Private,Master's degree
C1519,Private,Bachelor's degree
C1520,Private,Master's degree
C1521,Public,Bachelor's degree
C1522,Private,Master's degree
C1523,Private,Master's degree
C1524,Private,Bachelor's degree
C1525,Private,Bachelor's degree
C1526,Public,Master's degree
C1527,Private,Doctoral degree
C1528,Private,Master's degree
C1529,Private,Master's degree
C1530,Public,Master's degree
C1531,Private,Bachelor's degree
C1532,Private,Master's degree
C1533,Private,Bachelor's degree
C1534,Private,Master's degree
