ID,Creative Type,Genre
M155,Science Fiction,Action
M068,Contemporary Fiction,Comedy
M035,,Adventure
M243,Historical Fiction,
M010,Science Fiction,Horror
M048,Contemporary Fiction,Comedy
M236,Contemporary Fiction,
M250,Science Fiction,Horror
M169,Contemporary Fiction,Drama
M244,Historical Fiction,Western
M136,Historical Fiction,Musical
M178,Contemporary Fiction,Drama
M197,Contemporary Fiction,Comedy
M041,Contemporary Fiction,Drama
M170,Contemporary Fiction,Action
M206,Science Fiction,Action
M231,Contemporary Fiction,Comedy
M030,Contemporary Fiction,Drama
M179,Contemporary Fiction,Romantic Comedy
M143,Dramatization,Adventure
M126,Contemporary Fiction,Drama
M156,Historical Fiction,Adventure
M077,Contemporary Fiction,Romantic Comedy
M081,Science Fiction,Horror
M096,Contemporary Fiction,Action
M230,Dramatization,Drama
M172,Contemporary Fiction,Drama
M044,Historical Fiction,Musical
M079,,Comedy
M103,Contemporary Fiction,Adventure
M110,Contemporary Fiction,Drama
M183,Contemporary Fiction,Drama
M154,Contemporary Fiction,Thriller
M119,Kids Fiction,Adventure
M165,Contemporary Fiction,Romantic Comedy
M024,Contemporary Fiction,Thriller
M043,Factual,Concert
M097,Contemporary Fiction,Drama
M131,Science Fiction,Action
M111,Kids Fiction,Comedy
M193,Science Fiction,Action
M098,Science Fiction,Comedy
M078,Kids Fiction,Adventure
M123,Contemporary Fiction,Black Comedy
M121,Fantasy,Adventure
M120,Science Fiction,Comedy
M025,Kids Fiction,Adventure
M080,,Action
M108,Super Hero,
M116,Contemporary Fiction,Thriller
M234,Super Hero,Adventure
M101,Contemporary Fiction,Drama
M001,Contemporary Fiction,Action
M023,Contemporary Fiction,Romantic Comedy
M202,Science Fiction,Action
M164,Contemporary Fiction,Action
M191,Historical Fiction,Drama
M052,Kids Fiction,Adventure
M095,Contemporary Fiction,Romantic Comedy
M066,Contemporary Fiction,Comedy
M057,Contemporary Fiction,Drama
M064,Fantasy,Action
M040,Contemporary Fiction,Thriller
M181,Contemporary Fiction,Action
M196,Kids Fiction,Adventure
M124,Contemporary Fiction,Black Comedy
M087,Contemporary Fiction,Comedy
M093,Contemporary Fiction,Drama
M059,Contemporary Fiction,Action
M218,Contemporary Fiction,
M014,,
M149,Contemporary Fiction,Thriller
M245,Historical Fiction,
M176,Contemporary Fiction,Comedy
M020,,Thriller
M075,Contemporary Fiction,
M117,Contemporary Fiction,Black Comedy
M060,Dramatization,Drama
M174,Kids Fiction,Comedy
M150,Contemporary Fiction,Comedy
M034,Dramatization,Drama
M227,Dramatization,Drama
M180,Contemporary Fiction,Horror
M215,Fantasy,Horror
M107,Contemporary Fiction,Thriller
M241,Contemporary Fiction,Thriller
M042,Contemporary Fiction,Romantic Comedy
M019,,Comedy
M168,,Romantic Comedy
M190,Contemporary Fiction,Romantic Comedy
M138,Historical Fiction,Thriller
M082,Kids Fiction,
M036,Contemporary Fiction,Action
M004,Contemporary Fiction,Thriller
M009,Kids Fiction,Comedy
M235,Contemporary Fiction,Thriller
M139,Dramatization,Drama
M061,Kids Fiction,Comedy
M177,Science Fiction,Adventure
M032,Contemporary Fiction,Drama
M160,Contemporary Fiction,Comedy
M129,Contemporary Fiction,Action
M237,Contemporary Fiction,Horror
M007,Contemporary Fiction,Drama
M224,Science Fiction,Adventure
M153,Science Fiction,
M109,Contemporary Fiction,Horror
M132,Fantasy,Drama
M182,Contemporary Fiction,Comedy
M021,Dramatization,
M055,Historical Fiction,
M146,Contemporary Fiction,Comedy
M100,Kids Fiction,Comedy
M200,Contemporary Fiction,Comedy
M219,Contemporary Fiction,Comedy
M249,Contemporary Fiction,Drama
M203,Contemporary Fiction,Comedy
M016,Contemporary Fiction,Thriller
M074,Contemporary Fiction,Thriller
M002,Contemporary Fiction,Comedy
M063,Contemporary Fiction,Drama
M195,Kids Fiction,Adventure
M151,Contemporary Fiction,Action
M147,Contemporary Fiction,Adventure
M152,Historical Fiction,
M207,Historical Fiction,
M204,Contemporary Fiction,Thriller
M031,Contemporary Fiction,Drama
M128,Science Fiction,Action
M228,Historical Fiction,Drama
M033,Dramatization,Drama
M173,Historical Fiction,
M209,Fantasy,Adventure
M242,Kids Fiction,Adventure
M198,Fantasy,Horror
M140,Contemporary Fiction,Horror
M167,Contemporary Fiction,Comedy
M201,Fantasy,Horror
M088,Dramatization,Drama
M015,Historical Fiction,Drama
M115,Contemporary Fiction,Comedy
M125,Contemporary Fiction,Drama
M070,Super Hero,Action
M144,Historical Fiction,Action
M069,Contemporary Fiction,Comedy
M105,Dramatization,Drama
M058,Contemporary Fiction,
M049,Contemporary Fiction,Drama
M067,Kids Fiction,Adventure
M050,Contemporary Fiction,Horror
M094,Kids Fiction,
M208,Contemporary Fiction,Action
M225,Fantasy,Drama
M072,Historical Fiction,Drama
M089,,Drama
M184,Historical Fiction,Western
M187,Contemporary Fiction,Drama
M192,Science Fiction,Adventure
M133,,Black Comedy
M220,Contemporary Fiction,Comedy
M008,Science Fiction,Adventure
M214,Contemporary Fiction,Action
M022,Kids Fiction,Adventure
M161,Super Hero,Action
M102,Kids Fiction,Comedy
M045,Contemporary Fiction,Comedy
M247,Contemporary Fiction,Drama
M175,Contemporary Fiction,Drama
M232,Contemporary Fiction,Action
M017,Super Hero,Action
M092,Contemporary Fiction,Drama
M205,Fantasy,
M018,Contemporary Fiction,Drama
M065,Historical Fiction,Thriller
M114,Historical Fiction,Comedy
M223,Contemporary Fiction,Thriller
M056,Dramatization,
M062,Historical Fiction,Adventure
M086,Historical Fiction,Drama
M006,Contemporary Fiction,Comedy
M037,Historical Fiction,Drama
M239,Contemporary Fiction,Action
M084,Contemporary Fiction,Drama
M233,Super Hero,Adventure
M199,Science Fiction,Drama
M122,Contemporary Fiction,Drama
M246,Contemporary Fiction,Action
M053,Contemporary Fiction,Action
M127,Fantasy,Adventure
M134,Contemporary Fiction,
M106,,Action
M113,Contemporary Fiction,Comedy
M238,Science Fiction,Action
M163,Contemporary Fiction,Thriller
M046,Dramatization,Drama
M148,,Horror
M013,Fantasy,
M028,Contemporary Fiction,Drama
M091,Contemporary Fiction,Horror
M142,Contemporary Fiction,Thriller
M112,,Comedy
M099,Contemporary Fiction,Comedy
M051,Kids Fiction,
M189,,Horror
M141,Contemporary Fiction,Action
M212,,
M038,Fantasy,Black Comedy
M039,Fantasy,
M216,Contemporary Fiction,Drama
M226,Contemporary Fiction,Romantic Comedy
M157,Contemporary Fiction,
M029,Historical Fiction,Action
M171,Contemporary Fiction,
M221,Dramatization,
M137,Fantasy,Adventure
M054,Historical Fiction,Drama
M047,Science Fiction,Action
M104,Contemporary Fiction,Comedy
M185,Contemporary Fiction,
M248,Contemporary Fiction,
M145,Contemporary Fiction,Drama
M027,Fantasy,
M073,Contemporary Fiction,Action
M159,Contemporary Fiction,
M003,Contemporary Fiction,Action
M012,Historical Fiction,Drama
M090,Fantasy,Action
M194,Kids Fiction,Comedy
M229,Science Fiction,Thriller
M162,Contemporary Fiction,Action
M118,Fantasy,Comedy
M188,Contemporary Fiction,Black Comedy
M240,Kids Fiction,Drama
M083,Historical Fiction,
M186,Science Fiction,Action
M217,Science Fiction,Thriller
M222,Contemporary Fiction,Romantic Comedy
M071,Contemporary Fiction,Drama
M076,,
M158,Contemporary Fiction,
M135,Contemporary Fiction,Action
M011,Contemporary Fiction,Comedy
M213,Contemporary Fiction,
M026,Contemporary Fiction,
M210,Contemporary Fiction,Comedy
M005,Dramatization,Drama
M211,Contemporary Fiction,Action
M166,Historical Fiction,Drama
M085,Contemporary Fiction,Comedy
M130,Contemporary Fiction,Thriller
